bodyId,type,x,y,z,side,spatial_x,spatial_y
12473,Mi1,90640.0,41190.0,35252.0,Left,29,22
14614,Mi1,93446.0,30654.0,33004.0,Left,30,14
14680,Mi1,93030.0,31416.0,31232.0,Left,30,15
14829,Mi1,93288.0,31596.0,35352.0,Left,30,15
14860,Mi1,90308.0,20910.0,32698.0,Left,29,7
15023,Mi1,79486.0,15528.0,25588.0,Left,26,3
15427,Mi1,93302.0,28296.0,33442.0,Left,30,12
15527,Mi1,79574.0,16786.0,25694.0,Left,26,4
16143,Mi1,92155.0,38496.0,30359.0,Left,30,20
16185,Mi1,92429.0,37020.0,30112.0,Left,30,19
16470,Mi1,91705.0,39316.0,30150.0,Left,30,20
16539,Mi1,73138.0,32460.0,20508.0,Left,24,15
16813,Mi1,76423.0,14016.0,23837.0,Left,25,2
17230,Mi1,91557.0,27799.0,30800.0,Left,30,12
17299,Mi1,86432.0,46935.0,29826.0,Left,28,26
17328,Mi1,74176.0,46650.0,26092.0,Left,24,26
17741,Mi1,91920.0,39146.0,32981.0,Left,30,20
17871,Mi1,4219.0,32882.0,37995.0,Right,0,16
18045,Mi1,91182.0,34336.0,35416.0,Left,30,17
18098,Mi1,90927.0,38682.0,36063.0,Left,30,20
18442,Mi1,76033.0,44915.0,23347.0,Left,25,24
18954,Mi1,73266.0,27296.0,19076.0,Left,24,12
18992,Mi1,81270.0,32772.0,22960.0,Left,26,16
19028,Mi1,93156.0,33504.0,30910.0,Left,30,16
19551,Mi1,92332.0,24451.0,34125.0,Left,30,10
19964,Mi1,91028.0,41052.0,34440.0,Left,30,22
19972,Mi1,77064.0,31091.0,19818.0,Left,25,14
20135,Mi1,7860.0,29947.0,40455.0,Right,1,14
20805,Mi1,77862.0,35740.0,19596.0,Left,25,18
21163,Mi1,87497.0,46215.0,34387.0,Left,28,25
21486,Mi1,77230.0,39433.0,20192.0,Left,25,20
21601,Mi1,75997.0,15670.0,22056.0,Left,25,3
21675,Mi1,78357.0,38683.0,20080.0,Left,25,20
22154,Mi1,93263.0,35158.0,31984.0,Left,30,17
22433,Mi1,92090.0,33100.0,36078.0,Left,30,16
22516,Mi1,78170.0,47292.0,25038.0,Left,25,26
22903,Mi1,92538.0,25699.0,31925.0,Left,30,10
23309,Mi1,86490.0,38748.0,40316.0,Left,28,20
23606,Mi1,6054.0,38128.0,39867.0,Right,1,19
23739,Mi1,89829.0,23865.0,32255.0,Left,29,9
24631,Mi1,92416.0,38888.0,33210.0,Left,30,20
24957,Mi1,92676.0,34140.0,31934.0,Left,30,17
25133,Mi1,93562.0,31468.0,33112.0,Left,30,15
25197,Mi1,91102.0,41823.0,31750.0,Left,30,22
25227,Mi1,85032.0,48105.0,34257.0,Left,28,27
25336,Mi1,86964.0,34408.0,27948.0,Left,28,17
25556,Mi1,88820.0,42027.0,37199.0,Left,29,22
25777,Mi1,88261.0,46022.0,33112.0,Left,29,25
25911,Mi1,90262.0,42786.0,32418.0,Left,29,23
25946,Mi1,91379.0,23293.0,32014.0,Left,30,9
26103,Mi1,87085.0,46147.0,34686.0,Left,28,25
26184,Mi1,75916.0,37662.0,20306.0,Left,24,19
26354,Mi1,92840.0,35622.0,35130.0,Left,30,18
26375,Mi1,90948.0,39512.0,34630.0,Left,30,20
26382,Mi1,88155.0,38163.0,28423.0,Left,29,19
27075,Mi1,89276.0,43618.0,30106.0,Left,29,23
27277,Mi1,93170.0,36452.0,32912.0,Left,30,18
27287,Mi1,77708.0,13206.0,27212.0,Left,25,1
27289,Mi1,90082.0,39716.0,29382.0,Left,29,21
27392,Mi1,81480.0,49672.0,30486.0,Left,26,28
27488,Mi1,92560.0,30300.0,31234.0,Left,30,14
27495,Mi1,90688.0,41404.0,34688.0,Left,30,22
27531,Mi1,80160.0,37574.0,21609.0,Left,26,19
27575,Mi1,79392.0,43586.0,23140.0,Left,26,23
27788,Mi1,8153.0,35152.0,41344.0,Right,1,17
27845,Mi1,93486.0,34410.0,32874.0,Left,30,17
27899,Mi1,89132.0,44504.0,33580.0,Left,29,24
27951,Mi1,85604.0,48398.0,31452.0,Left,28,27
28686,Mi1,91287.0,41458.0,31967.0,Left,30,22
28781,Mi1,87009.0,16278.0,33766.0,Left,28,4
29185,Mi1,88038.0,45969.0,30698.0,Left,29,25
29275,Mi1,91912.0,23809.0,32637.0,Left,30,9
29368,Mi1,92981.0,30641.0,36038.0,Left,30,14
29394,Mi1,79594.0,44918.0,24178.0,Left,26,24
29611,Mi1,83412.0,49008.0,29598.0,Left,27,27
29641,Mi1,93279.0,28124.0,32643.0,Left,30,12
29741,Mi1,78113.0,32726.0,19810.0,Left,25,16
30170,Mi1,91879.0,39938.0,33680.0,Left,30,21
30187,Mi1,92820.0,27190.0,32478.0,Left,30,12
30892,Mi1,76746.0,12290.0,27760.0,Left,25,1
30997,Mi1,4456.0,41192.0,35132.0,Right,0,22
31109,Mi1,93034.0,37254.0,32408.0,Left,30,19
31390,Mi1,81239.0,49735.0,30165.0,Left,26,28
31492,Mi1,4020.0,38700.0,37018.0,Right,0,20
31507,Mi1,77310.0,15502.0,23672.0,Left,25,3
31774,Mi1,87523.0,35094.0,27805.0,Left,28,17
31785,Mi1,93356.0,29348.0,32572.0,Left,30,13
31848,Mi1,3798.0,40805.0,34259.0,Right,0,21
32003,Mi1,17766.0,49362.0,27888.0,Right,5,28
32243,Mi1,77967.0,39654.0,20635.0,Left,25,21
32345,Mi1,20411.0,45156.0,24107.0,Right,6,25
32370,Mi1,75588.0,41605.0,22075.0,Left,24,22
32535,Mi1,6479.0,44091.0,33957.0,Right,1,24
32709,Mi1,92021.0,39415.0,33763.0,Left,30,20
32725,Mi1,12634.0,48958.0,34756.0,Right,3,27
32800,Mi1,6684.0,43461.0,38243.0,Right,1,23
32871,Mi1,8936.0,47288.0,33112.0,Right,2,26
32878,Mi1,79362.0,49734.0,27574.0,Left,26,28
32893,Mi1,11892.0,40513.0,28993.0,Right,3,21
33013,Mi1,8628.0,47584.0,32498.0,Right,2,26
33017,Mi1,5046.0,42740.0,35897.0,Right,0,23
33091,Mi1,4690.0,42324.0,35020.0,Right,0,22
33110,Mi1,4147.0,38462.0,37418.0,Right,0,20
33216,Mi1,3797.0,40422.0,34885.0,Right,0,21
33326,Mi1,5620.0,42930.0,37332.0,Right,1,23
33371,Mi1,80551.0,39736.0,23078.0,Left,26,21
33394,Mi1,4079.0,34944.0,37601.0,Right,0,17
33415,Mi1,91618.0,32078.0,37114.0,Left,30,15
33446,Mi1,4177.0,41296.0,32747.0,Right,0,22
33447,Mi1,77753.0,36649.0,19681.0,Left,25,18
33462,Mi1,11854.0,35947.0,27676.0,Right,3,18
33483,Mi1,6926.0,45188.0,36594.0,Right,1,25
33551,Mi1,89594.0,42954.0,35258.0,Left,29,23
33611,Mi1,78318.0,13154.0,27658.0,Left,25,1
33614,Mi1,5165.0,41331.0,37949.0,Right,0,22
33655,Mi1,12880.0,40300.0,27958.0,Right,3,21
33675,Mi1,77510.0,46123.0,23907.0,Left,25,25
33711,Mi1,6555.0,41925.0,39003.0,Right,1,22
33740,Mi1,6778.0,43068.0,38390.0,Right,1,23
33765,Mi1,12409.0,49151.0,30225.0,Right,3,27
33766,Mi1,5989.0,36041.0,39826.0,Right,1,18
33857,Mi1,9438.0,48270.0,35022.0,Right,2,27
33903,Mi1,90526.0,39468.0,36376.0,Left,29,20
33907,Mi1,3478.0,39228.0,33548.0,Right,0,20
33918,Mi1,5650.0,41887.0,38156.0,Right,1,22
33930,Mi1,7038.0,42258.0,39252.0,Right,1,22
33942,Mi1,17022.0,41895.0,24496.0,Right,4,22
34045,Mi1,4862.0,36795.0,31898.0,Right,0,18
34057,Mi1,18080.0,38992.0,22046.0,Right,5,20
34079,Mi1,18788.0,41686.0,22432.0,Right,5,22
34139,Mi1,91844.0,39380.0,31455.0,Left,30,20
34142,Mi1,4266.0,40360.0,34629.0,Right,0,21
34171,Mi1,5948.0,43894.0,34763.0,Right,1,24
34183,Mi1,90963.0,41903.0,32292.0,Left,30,22
34189,Mi1,3730.0,40213.0,32851.0,Right,0,21
34215,Mi1,92470.0,38812.0,32794.0,Left,30,20
34234,Mi1,7524.0,42143.0,39838.0,Right,1,22
34251,Mi1,89458.0,42442.0,31396.0,Left,29,23
34272,Mi1,5995.0,43374.0,37161.0,Right,1,23
34291,Mi1,90650.0,40820.0,35658.0,Left,29,21
34296,Mi1,6009.0,42526.0,33609.0,Right,1,23
34300,Mi1,4096.0,41132.0,33601.0,Right,0,22
34329,Mi1,7040.0,45798.0,35518.0,Right,1,25
34356,Mi1,18946.0,39849.0,21840.0,Right,5,21
34369,Mi1,17900.0,33574.0,21814.0,Right,5,16
34404,Mi1,5744.0,44308.0,34268.0,Right,1,24
34406,Mi1,79676.0,38227.0,21014.0,Left,26,20
34419,Mi1,8075.0,41097.0,40786.0,Right,1,22
34447,Mi1,5304.0,40514.0,38434.0,Right,0,21
34463,Mi1,2896.0,37282.0,34848.0,Right,0,19
34479,Mi1,4661.0,40819.0,31957.0,Right,0,21
34515,Mi1,15704.0,14466.0,30216.0,Right,4,2
34550,Mi1,75483.0,45650.0,24162.0,Left,24,25
34606,Mi1,6808.0,45322.0,35688.0,Right,1,25
34615,Mi1,88021.0,46356.0,32367.0,Left,29,25
34626,Mi1,6263.0,44605.0,32025.0,Right,1,24
34658,Mi1,4737.0,40183.0,37471.0,Right,0,21
34718,Mi1,10249.0,48854.0,32839.0,Right,2,27
34739,Mi1,8572.0,46532.0,37160.0,Right,2,26
34741,Mi1,5124.0,35070.0,39154.0,Right,0,17
34759,Mi1,12016.0,48027.0,35278.0,Right,3,27
34794,Mi1,85069.0,14770.0,32075.0,Left,28,3
34849,Mi1,17871.0,36257.0,21854.0,Right,5,18
34862,Mi1,19748.0,33536.0,20668.0,Right,5,16
34867,Mi1,3771.0,38985.0,36095.0,Right,0,20
34890,Mi1,92241.0,24058.0,32948.0,Left,30,9
34898,Mi1,4305.0,33629.0,38330.0,Right,0,16
34899,Mi1,2812.0,36824.0,34884.0,Right,0,19
34915,Mi1,88707.0,44187.0,32337.0,Left,29,24
34926,Mi1,12298.0,49860.0,33790.0,Right,3,28
34933,Mi1,16652.0,32402.0,23154.0,Right,4,15
34938,Mi1,4742.0,37246.0,38456.0,Right,0,19
34957,Mi1,8346.0,46890.0,35480.0,Right,1,26
34965,Mi1,9917.0,48382.0,35235.0,Right,2,27
34977,Mi1,6996.0,45975.0,34839.0,Right,1,25
34996,Mi1,89330.0,30386.0,39564.0,Left,29,14
35001,Mi1,6243.0,43281.0,31450.0,Right,1,23
35017,Mi1,18926.0,34218.0,21060.0,Right,5,17
35022,Mi1,92391.0,37607.0,30179.0,Left,30,19
35028,Mi1,88874.0,44518.0,30368.0,Left,29,24
35045,Mi1,20163.0,42111.0,22687.0,Right,5,22
35060,Mi1,84238.0,39042.0,26774.0,Left,27,20
35100,Mi1,4263.0,40254.0,33376.0,Right,0,21
35113,Mi1,7564.0,45176.0,34754.0,Right,1,25
35126,Mi1,91544.0,37472.0,29668.0,Left,30,19
35132,Mi1,76364.0,12483.0,25827.0,Left,25,1
35152,Mi1,11049.0,41893.0,29597.0,Right,2,22
35161,Mi1,8474.0,45430.0,38722.0,Right,2,25
35165,Mi1,89838.0,43561.0,32926.0,Left,29,23
35167,Mi1,12700.0,49722.0,35254.0,Right,3,28
35173,Mi1,3904.0,36302.0,37747.0,Right,0,18
35218,Mi1,3088.0,35817.0,34412.0,Right,0,18
35234,Mi1,5002.0,42278.0,33626.0,Right,0,22
35235,Mi1,4780.0,41636.0,36284.0,Right,0,22
35260,Mi1,8049.0,43005.0,36398.0,Right,1,23
35275,Mi1,86326.0,48064.0,33484.0,Left,28,27
35290,Mi1,17571.0,46155.0,26389.0,Right,5,25
35296,Mi1,9786.0,48054.0,31773.0,Right,2,27
35301,Mi1,17602.0,47286.0,26788.0,Right,5,26
35306,Mi1,13628.0,51048.0,33400.0,Right,3,29
35396,Mi1,81622.0,49658.0,28270.0,Left,26,28
35405,Mi1,16129.0,36180.0,23725.0,Right,4,18
35416,Mi1,5270.0,38552.0,36412.0,Right,0,20
35428,Mi1,4732.0,42788.0,33116.0,Right,0,23
35447,Mi1,16154.0,43755.0,26103.0,Right,4,24
35498,Mi1,19750.0,36794.0,20916.0,Right,5,18
35512,Mi1,3636.0,36490.0,37488.0,Right,0,18
35542,Mi1,88133.0,44719.0,33140.0,Left,29,24
35551,Mi1,4145.0,30863.0,38098.0,Right,0,14
35572,Mi1,23916.0,32618.0,20939.0,Right,7,15
35576,Mi1,90254.0,30808.0,38520.0,Left,29,14
35580,Mi1,2784.0,36642.0,34344.0,Right,0,18
35602,Mi1,19362.0,33234.0,20812.0,Right,5,16
35665,Mi1,10183.0,48630.0,34978.0,Right,2,27
35678,Mi1,9962.0,47659.0,31394.0,Right,2,26
35679,Mi1,89796.0,42612.0,34278.0,Left,29,23
35683,Mi1,5182.0,38780.0,38882.0,Right,0,20
35699,Mi1,76890.0,43595.0,22124.0,Left,25,23
35708,Mi1,6828.0,36394.0,40548.0,Right,1,18
35712,Mi1,20118.0,32085.0,20517.0,Right,5,15
35724,Mi1,3571.0,37923.0,36674.0,Right,0,19
35734,Mi1,4175.0,33856.0,35254.0,Right,0,16
35770,Mi1,17216.0,37843.0,22560.0,Right,4,19
35774,Mi1,20048.0,41683.0,22325.0,Right,5,22
35777,Mi1,5604.0,40822.0,38658.0,Right,1,21
35806,Mi1,3180.0,37440.0,35712.0,Right,0,19
35836,Mi1,3276.0,37678.0,33016.0,Right,0,19
35837,Mi1,4659.0,34352.0,38088.0,Right,0,17
35840,Mi1,19026.0,39212.0,21502.0,Right,5,20
35841,Mi1,11471.0,49790.0,33758.0,Right,3,28
35845,Mi1,3486.0,39572.0,34834.0,Right,0,20
35848,Mi1,11304.0,49106.0,31234.0,Right,2,27
35882,Mi1,8175.0,46193.0,36941.0,Right,1,25
35885,Mi1,7862.0,44388.0,38932.0,Right,1,24
35888,Mi1,3586.0,39346.0,35454.0,Right,0,20
35890,Mi1,5522.0,42866.0,35254.0,Right,1,23
35897,Mi1,21366.0,39318.0,21606.0,Right,6,20
35910,Mi1,8984.0,47162.0,34246.0,Right,2,26
35928,Mi1,10009.0,47647.0,32989.0,Right,2,26
35931,Mi1,91570.0,40690.0,32224.0,Left,30,21
35934,Mi1,2610.0,34484.0,34602.0,Right,0,17
35957,Mi1,9111.0,47973.0,33130.0,Right,2,27
35990,Mi1,11970.0,48371.0,37894.0,Right,3,27
36032,Mi1,88712.0,45532.0,32622.0,Left,29,25
36126,Mi1,7298.0,44236.0,38298.0,Right,1,24
36139,Mi1,21142.0,36880.0,20792.0,Right,6,19
36158,Mi1,23152.0,33410.0,20694.0,Right,7,16
36177,Mi1,3140.0,34842.0,34554.0,Right,0,17
36208,Mi1,10062.0,47090.0,37800.0,Right,2,26
36217,Mi1,19775.0,35338.0,20808.0,Right,5,17
36222,Mi1,7170.0,42698.0,39294.0,Right,1,23
36252,Mi1,7660.0,39232.0,30276.0,Right,1,20
36259,Mi1,87248.0,46468.0,32252.0,Left,28,25
36266,Mi1,89658.0,43420.0,34512.0,Left,29,23
36275,Mi1,22680.0,34414.0,20800.0,Right,6,17
36305,Mi1,3298.0,37781.0,36127.0,Right,0,19
36312,Mi1,8950.0,46640.0,33458.0,Right,2,26
36334,Mi1,91301.0,40257.0,30081.0,Left,30,21
36346,Mi1,2857.0,31853.0,35945.0,Right,0,15
36369,Mi1,20350.0,25686.0,20890.0,Right,6,10
36410,Mi1,17174.0,42328.0,24458.0,Right,4,22
36424,Mi1,91466.0,40340.0,33724.0,Left,30,21
36435,Mi1,87700.0,45668.0,35028.0,Left,28,25
36446,Mi1,3248.0,38594.0,33554.0,Right,0,20
36452,Mi1,19210.0,33350.0,21274.0,Right,5,16
36455,Mi1,74598.0,44364.0,23448.0,Left,24,24
36457,Mi1,8077.0,47033.0,34453.0,Right,1,26
36463,Mi1,80451.0,36162.0,22053.0,Left,26,18
36465,Mi1,20502.0,47444.0,24866.0,Right,6,26
36474,Mi1,12535.0,47538.0,29988.0,Right,3,26
36484,Mi1,17306.0,19926.0,24339.0,Right,5,6
36533,Mi1,2968.0,34838.0,32978.0,Right,0,17
36540,Mi1,14191.0,34367.0,24803.0,Right,3,17
36543,Mi1,88342.0,45410.0,34538.0,Left,29,25
36616,Mi1,79388.0,47676.0,27222.0,Left,26,26
36626,Mi1,11132.0,49514.0,33370.0,Right,2,28
36628,Mi1,79107.0,36639.0,20000.0,Left,26,18
36646,Mi1,2749.0,34162.0,35855.0,Right,0,17
36660,Mi1,6222.0,45025.0,33101.0,Right,1,24
36682,Mi1,10948.0,49328.0,32410.0,Right,2,28
36684,Mi1,22302.0,31486.0,20364.0,Right,6,15
36695,Mi1,5884.0,35627.0,39684.0,Right,1,18
36755,Mi1,76452.0,17350.0,22562.0,Left,25,4
36766,Mi1,91084.0,36726.0,36622.0,Left,30,18
36770,Mi1,87320.0,46490.0,31678.0,Left,28,25
36799,Mi1,12706.0,49508.0,37334.0,Right,3,28
36814,Mi1,10232.0,45407.0,33951.0,Right,2,25
36831,Mi1,74510.0,46202.0,24795.0,Left,24,25
36858,Mi1,8196.0,43567.0,39767.0,Right,1,23
36881,Mi1,7462.0,45926.0,32248.0,Right,1,25
36892,Mi1,92692.0,25042.0,33574.0,Left,30,10
36896,Mi1,91139.0,30600.0,37905.0,Left,30,14
36900,Mi1,91230.0,41372.0,32754.0,Left,30,22
36911,Mi1,21242.0,35098.0,20794.0,Right,6,17
36954,Mi1,20662.0,37905.0,21190.0,Right,6,19
36966,Mi1,84248.0,48574.0,32548.0,Left,27,27
36968,Mi1,93008.0,36548.0,33690.0,Left,30,18
36974,Mi1,16542.0,46344.0,27542.0,Right,4,25
36990,Mi1,13246.0,45299.0,30172.0,Right,3,25
36994,Mi1,18336.0,32700.0,21470.0,Right,5,16
37000,Mi1,3092.0,36998.0,33262.0,Right,0,19
37012,Mi1,4850.0,34984.0,38726.0,Right,0,17
37019,Mi1,21100.0,37364.0,20850.0,Right,6,19
37037,Mi1,2876.0,35578.0,35656.0,Right,0,18
37044,Mi1,4787.0,38565.0,38029.0,Right,0,20
37063,Mi1,17510.0,19512.0,24378.0,Right,5,6
37073,Mi1,90234.0,37226.0,36592.0,Left,29,19
37084,Mi1,21293.0,28156.0,20372.0,Right,6,12
37088,Mi1,8161.0,43508.0,32826.0,Right,1,23
37095,Mi1,8158.0,44482.0,39244.0,Right,1,24
37108,Mi1,8143.0,46295.0,33916.0,Right,1,25
37113,Mi1,5958.0,44941.0,33528.0,Right,1,24
37123,Mi1,2682.0,35040.0,35144.0,Right,0,17
37127,Mi1,10882.0,47496.0,37662.0,Right,2,26
37138,Mi1,4782.0,40750.0,37080.0,Right,0,21
37208,Mi1,7576.0,45676.0,36998.0,Right,1,25
37224,Mi1,17262.0,45208.0,26300.0,Right,4,25
37243,Mi1,3222.0,36366.0,35378.0,Right,0,18
37244,Mi1,10820.0,49264.0,33480.0,Right,2,27
37270,Mi1,7612.0,43560.0,31098.0,Right,1,23
37294,Mi1,5996.0,43670.0,34286.0,Right,1,23
37314,Mi1,90472.0,42564.0,31562.0,Left,29,23
37353,Mi1,21064.0,39296.0,21952.0,Right,6,20
37368,Mi1,20986.0,46548.0,24412.0,Right,6,26
37371,Mi1,21011.0,34097.0,20636.0,Right,6,17
37390,Mi1,10779.0,47674.0,30219.0,Right,2,26
37391,Mi1,22756.0,31508.0,20468.0,Right,6,15
37403,Mi1,89385.0,43929.0,34164.0,Left,29,24
37438,Mi1,4674.0,39330.0,37754.0,Right,0,20
37470,Mi1,17686.0,14172.0,28742.0,Right,5,2
37505,Mi1,88816.0,38037.0,39037.0,Left,29,19
37507,Mi1,10646.0,48605.0,35939.0,Right,2,27
37509,Mi1,24189.0,33550.0,20960.0,Right,7,16
37518,Mi1,89062.0,43548.0,34454.0,Left,29,23
37520,Mi1,89282.0,39662.0,30256.0,Left,29,21
37529,Mi1,18800.0,42107.0,22459.0,Right,5,22
37536,Mi1,90219.0,41800.0,35582.0,Left,29,22
37541,Mi1,4358.0,31624.0,38474.0,Right,0,15
37555,Mi1,5690.0,44209.0,33500.0,Right,1,24
37560,Mi1,87704.0,46632.0,32030.0,Left,28,26
37568,Mi1,3020.0,34378.0,33114.0,Right,0,17
37575,Mi1,87144.0,47005.0,31945.0,Left,28,26
37585,Mi1,7226.0,39148.0,40750.0,Right,1,20
37599,Mi1,18016.0,33018.0,21580.0,Right,5,16
37610,Mi1,10330.0,48322.0,30764.0,Right,2,27
37631,Mi1,20229.0,38221.0,21257.0,Right,6,20
37636,Mi1,80653.0,14432.0,27792.0,Left,26,2
37667,Mi1,90487.0,32562.0,37825.0,Left,29,15
37677,Mi1,22992.0,31052.0,20366.0,Right,6,14
37680,Mi1,17490.0,24510.0,23556.0,Right,5,10
37687,Mi1,17288.0,47510.0,27792.0,Right,5,26
37698,Mi1,80264.0,44720.0,24926.0,Left,26,24
37699,Mi1,19909.0,39869.0,21866.0,Right,5,21
37730,Mi1,12414.0,50422.0,33536.0,Right,3,28
37752,Mi1,92125.0,32775.0,30271.0,Left,30,16
37756,Mi1,5022.0,36630.0,38800.0,Right,0,18
37776,Mi1,93158.0,27218.0,32950.0,Left,30,12
37780,Mi1,78200.0,33528.0,19640.0,Left,25,16
37790,Mi1,77725.0,37676.0,19916.0,Left,25,19
37794,Mi1,90829.0,41752.0,32774.0,Left,30,22
37818,Mi1,13420.0,50584.0,33068.0,Right,3,28
37839,Mi1,17498.0,43482.0,24796.0,Right,5,23
37853,Mi1,15296.0,30818.0,24816.0,Right,4,14
37866,Mi1,90826.0,41899.0,34102.0,Left,30,22
37905,Mi1,86382.0,46119.0,36139.0,Left,28,25
37927,Mi1,23478.0,31526.0,20462.0,Right,7,15
37935,Mi1,4488.0,32145.0,38011.0,Right,0,15
37948,Mi1,4507.0,41870.0,32437.0,Right,0,22
37969,Mi1,3787.0,30362.0,37713.0,Right,0,14
37993,Mi1,7468.0,31284.0,40556.0,Right,1,15
38115,Mi1,92514.0,31172.0,36628.0,Left,30,14
38116,Mi1,88672.0,36942.0,28492.0,Left,29,19
38133,Mi1,20131.0,31499.0,20542.0,Right,5,15
38144,Mi1,18181.0,48330.0,26567.0,Right,5,27
38147,Mi1,14600.0,50232.0,37965.0,Right,4,28
38153,Mi1,18005.0,14655.0,28678.0,Right,5,3
38156,Mi1,80278.0,39550.0,22938.0,Left,26,20
38177,Mi1,10585.0,47403.0,38127.0,Right,2,26
38178,Mi1,8486.0,45478.0,30912.0,Right,2,25
38198,Mi1,9544.0,38837.0,42018.0,Right,2,20
38208,Mi1,2930.0,36720.0,35330.0,Right,0,18
38227,Mi1,21150.0,28762.0,20324.0,Right,6,13
38230,Mi1,21609.0,39712.0,21805.0,Right,6,21
38238,Mi1,20724.0,35722.0,20622.0,Right,6,18
38241,Mi1,19386.0,42750.0,22474.0,Right,5,23
38242,Mi1,84849.0,48136.0,31080.0,Left,28,27
38252,Mi1,17320.0,19028.0,24486.0,Right,5,6
38286,Mi1,10538.0,45424.0,33322.0,Right,2,25
38292,Mi1,91284.0,36182.0,36847.0,Left,30,18
38303,Mi1,8863.0,35973.0,41728.0,Right,2,18
38377,Mi1,79070.0,29516.0,20608.0,Left,26,13
38421,Mi1,2797.0,33244.0,35800.0,Right,0,16
38443,Mi1,92629.0,30027.0,36675.0,Left,30,14
38452,Mi1,89030.0,44137.0,34818.0,Left,29,24
38455,Mi1,5384.0,37638.0,39328.0,Right,0,19
38461,Mi1,23593.0,31994.0,20492.0,Right,7,15
38474,Mi1,79013.0,35690.0,19951.0,Left,26,18
38477,Mi1,19558.0,46146.0,24133.0,Right,5,25
38479,Mi1,19175.0,40440.0,21833.0,Right,5,21
38482,Mi1,17901.0,48116.0,27784.0,Right,5,27
38487,Mi1,18992.0,47020.0,25062.0,Right,5,26
38509,Mi1,81734.0,14411.0,28543.0,Left,26,2
38514,Mi1,19673.0,41707.0,22112.0,Right,5,22
38519,Mi1,6789.0,43760.0,36472.0,Right,1,24
38529,Mi1,20826.0,29771.0,20397.0,Right,6,13
38533,Mi1,88432.0,41240.0,38139.0,Left,29,22
38561,Mi1,4073.0,28759.0,37491.0,Right,0,13
38582,Mi1,16266.0,19584.0,25412.0,Right,4,6
38596,Mi1,13254.0,45726.0,30444.0,Right,3,25
38606,Mi1,80462.0,14225.0,29269.0,Left,26,2
38620,Mi1,5157.0,40052.0,38411.0,Right,0,21
38632,Mi1,7194.0,46254.0,34330.0,Right,1,25
38635,Mi1,80348.0,31216.0,21370.0,Left,26,14
38648,Mi1,16151.0,44209.0,26346.0,Right,4,24
38658,Mi1,79112.0,34779.0,19956.0,Left,26,17
38682,Mi1,9012.0,45446.0,37110.0,Right,2,25
38687,Mi1,5102.0,32910.0,35614.0,Right,0,16
38690,Mi1,91601.0,34744.0,29774.0,Left,30,17
38708,Mi1,22452.0,30864.0,20300.0,Right,6,14
38710,Mi1,7350.0,46328.0,33622.0,Right,1,25
38711,Mi1,10708.0,47152.0,38484.0,Right,2,26
38721,Mi1,21802.0,31030.0,20353.0,Right,6,14
38748,Mi1,3308.0,30280.0,36312.0,Right,0,14
38752,Mi1,7522.0,38776.0,41030.0,Right,1,20
38762,Mi1,92408.0,29614.0,36872.0,Left,30,13
38767,Mi1,19592.0,38860.0,21374.0,Right,5,20
38768,Mi1,18518.0,44158.0,23825.0,Right,5,24
38769,Mi1,18279.0,49336.0,28092.0,Right,5,28
38772,Mi1,11196.0,46402.0,29833.0,Right,2,25
38787,Mi1,77594.0,38523.0,19908.0,Left,25,20
38791,Mi1,11038.0,44424.0,29708.0,Right,2,24
38792,Mi1,11430.0,49224.0,32070.0,Right,3,27
38794,Mi1,92726.0,34998.0,35650.0,Left,30,17
38809,Mi1,75442.0,47400.0,25819.0,Left,24,26
38851,Mi1,18862.0,48968.0,26810.0,Right,5,27
38857,Mi1,3396.0,29803.0,32825.0,Right,0,13
38877,Mi1,20610.0,13134.0,29130.0,Right,6,1
38893,Mi1,19229.0,41008.0,22012.0,Right,5,22
38896,Mi1,92001.0,37375.0,35251.0,Left,30,19
38941,Mi1,88880.0,43810.0,29608.0,Left,29,24
38979,Mi1,91536.0,29554.0,37428.0,Left,30,13
38987,Mi1,22731.0,40131.0,22047.0,Right,6,21
38993,Mi1,8520.0,44030.0,30775.0,Right,2,24
38997,Mi1,91677.0,35910.0,36326.0,Left,30,18
39022,Mi1,90405.0,28048.0,38310.0,Left,29,12
39067,Mi1,21748.0,35046.0,20820.0,Right,6,17
39126,Mi1,15500.0,51632.0,34438.0,Right,4,29
39133,Mi1,90808.0,40870.0,34854.0,Left,30,21
39141,Mi1,23536.0,30784.0,20390.0,Right,7,14
39158,Mi1,3245.0,36183.0,32533.0,Right,0,18
39164,Mi1,7997.0,46327.0,31845.0,Right,1,25
39175,Mi1,93438.0,33358.0,32640.0,Left,30,16
39209,Mi1,78553.0,35894.0,19678.0,Left,25,18
39212,Mi1,15783.0,18978.0,26342.0,Right,4,6
39225,Mi1,69930.0,37801.0,22701.0,Left,22,19
39250,Mi1,87869.0,38089.0,27984.0,Left,29,19
39273,Mi1,23762.0,31891.0,21316.0,Right,7,15
39274,Mi1,10836.0,46558.0,39074.0,Right,2,26
39275,Mi1,21546.0,37128.0,20932.0,Right,6,19
39295,Mi1,8244.0,46163.0,37700.0,Right,1,25
39312,Mi1,9757.0,18099.0,32756.0,Right,2,5
39332,Mi1,19513.0,48085.0,25485.0,Right,5,27
39341,Mi1,89526.0,28426.0,39328.0,Left,29,12
39389,Mi1,18734.0,49486.0,26952.0,Right,5,28
39394,Mi1,22460.0,45246.0,24440.0,Right,6,25
39401,Mi1,16189.0,14378.0,29665.0,Right,4,2
39405,Mi1,3468.0,32816.0,33418.0,Right,0,16
39438,Mi1,21696.0,30248.0,20326.0,Right,6,14
39484,Mi1,79090.0,37958.0,20318.0,Left,26,19
39500,Mi1,3825.0,29022.0,33603.0,Right,0,13
39505,Mi1,18996.0,28668.0,21278.0,Right,5,13
39525,Mi1,19456.0,44406.0,23332.0,Right,5,24
39534,Mi1,87042.0,46109.0,29385.0,Left,28,25
39575,Mi1,78650.0,43350.0,22298.0,Left,25,23
39595,Mi1,3673.0,28068.0,36044.0,Right,0,12
39623,Mi1,74308.0,25730.0,19372.0,Left,24,11
39629,Mi1,19074.0,30662.0,21040.0,Right,5,14
39630,Mi1,11102.0,48716.0,36664.0,Right,2,27
39644,Mi1,14430.0,50844.0,32310.0,Right,4,29
39651,Mi1,19452.0,27328.0,21256.0,Right,5,12
39662,Mi1,21747.0,45691.0,24226.0,Right,6,25
39665,Mi1,87212.0,46864.0,30934.0,Left,28,26
39688,Mi1,22668.0,29387.0,20223.0,Right,6,13
39706,Mi1,86386.0,47725.0,31972.0,Left,28,26
39716,Mi1,3036.0,28874.0,34442.0,Right,0,13
39718,Mi1,3192.0,32690.0,32532.0,Right,0,16
39727,Mi1,24298.0,36360.0,21666.0,Right,7,18
39741,Mi1,71373.0,37206.0,21913.0,Left,23,19
39743,Mi1,19660.0,40203.0,21680.0,Right,5,21
39748,Mi1,78472.0,29150.0,20500.0,Left,25,13
39749,Mi1,92486.0,26818.0,36404.0,Left,30,11
39791,Mi1,25048.0,34710.0,21668.0,Right,7,17
39831,Mi1,72465.0,32435.0,19990.0,Left,23,15
39838,Mi1,16670.0,14696.0,29212.0,Right,4,3
39858,Mi1,20858.0,27440.0,20554.0,Right,6,12
39870,Mi1,20890.0,25588.0,20750.0,Right,6,10
39882,Mi1,92545.0,25833.0,35400.0,Left,30,11
39895,Mi1,80968.0,44067.0,25148.0,Left,26,24
39898,Mi1,74293.0,40076.0,21706.0,Left,24,21
39911,Mi1,81674.0,40594.0,24352.0,Left,26,21
39917,Mi1,75899.0,33462.0,19965.0,Left,24,16
39924,Mi1,90637.0,25769.0,34705.0,Left,29,11
39935,Mi1,13987.0,15950.0,29672.0,Right,3,3
39959,Mi1,9278.0,18490.0,32762.0,Right,2,5
39961,Mi1,19183.0,13554.0,30009.0,Right,5,2
39964,Mi1,3650.0,27802.0,35663.0,Right,0,12
39997,Mi1,92066.0,24326.0,35499.0,Left,30,9
40054,Mi1,6922.0,35836.0,40526.0,Right,1,18
40055,Mi1,86532.0,46454.0,35270.0,Left,28,25
40057,Mi1,5172.0,27088.0,37952.0,Right,0,11
40081,Mi1,76570.0,31451.0,19847.0,Left,25,15
40085,Mi1,22496.0,41066.0,22392.0,Right,6,22
40106,Mi1,2762.0,30025.0,34880.0,Right,0,14
40109,Mi1,7153.0,30154.0,40332.0,Right,1,14
40123,Mi1,80496.0,50420.0,31396.0,Left,26,28
40161,Mi1,89094.0,43200.0,35640.0,Left,29,23
40171,Mi1,22110.0,38739.0,21397.0,Right,6,20
40219,Mi1,19546.0,25758.0,21172.0,Right,5,11
40230,Mi1,91929.0,29590.0,34059.0,Left,30,13
40233,Mi1,91596.0,30880.0,30376.0,Left,30,14
40235,Mi1,24464.0,35172.0,21614.0,Right,7,17
40256,Mi1,21861.0,39322.0,21671.0,Right,6,20
40262,Mi1,87437.0,45809.0,35762.0,Left,28,25
40276,Mi1,88328.0,43172.0,36536.0,Left,29,23
40305,Mi1,73783.0,39747.0,21886.0,Left,24,21
40340,Mi1,77120.0,33130.0,19622.0,Left,25,16
40344,Mi1,10288.0,47698.0,30650.0,Right,2,26
40351,Mi1,14392.0,16143.0,29395.0,Right,4,4
40400,Mi1,18748.0,24958.0,22083.0,Right,5,10
40411,Mi1,3064.0,31634.0,36360.0,Right,0,15
40417,Mi1,20502.0,50166.0,27142.0,Right,6,28
40426,Mi1,2734.0,33100.0,33452.0,Right,0,16
40441,Mi1,18546.0,14348.0,28286.0,Right,5,2
40452,Mi1,88750.0,38668.0,28588.0,Left,29,20
40464,Mi1,90942.0,21504.0,33248.0,Left,30,7
40474,Mi1,18012.0,14971.0,27576.0,Right,5,3
40505,Mi1,18055.0,22044.0,22873.0,Right,5,8
40519,Mi1,79801.0,42340.0,24126.0,Left,26,22
40545,Mi1,8336.0,46682.0,33730.0,Right,1,26
40577,Mi1,3539.0,31339.0,36057.0,Right,0,15
40596,Mi1,20930.0,33106.0,20498.0,Right,6,16
40627,Mi1,10864.0,17278.0,31104.0,Right,2,4
40632,Mi1,75022.0,11262.0,26418.0,Left,24,0
40635,Mi1,2744.0,31038.0,34210.0,Right,0,14
40646,Mi1,19326.0,14844.0,28678.0,Right,5,3
40652,Mi1,82010.0,15540.0,28850.0,Left,27,3
40654,Mi1,15094.0,51520.0,32572.0,Right,4,29
40673,Mi1,79809.0,24214.0,23643.0,Left,26,9
40679,Mi1,81093.0,15726.0,27379.0,Left,26,3
40703,Mi1,22848.0,34900.0,20924.0,Right,6,17
40749,Mi1,78413.0,42016.0,21366.0,Left,25,22
40758,Mi1,18617.0,49972.0,27589.0,Right,5,28
40774,Mi1,87340.0,46912.0,32400.0,Left,28,26
40795,Mi1,24886.0,35310.0,21514.0,Right,7,17
40832,Mi1,19006.0,29072.0,21310.0,Right,5,13
40845,Mi1,83942.0,29459.0,25075.0,Left,27,13
40854,Mi1,18141.0,30440.0,21969.0,Right,5,14
40858,Mi1,21340.0,25260.0,20566.0,Right,6,10
40867,Mi1,18610.0,14750.0,27186.0,Right,5,3
40897,Mi1,17727.0,13889.0,31083.0,Right,5,2
40904,Mi1,79736.0,17700.0,25777.0,Left,26,5
40908,Mi1,20478.0,21564.0,22306.0,Right,6,8
40913,Mi1,20014.0,50667.0,27712.0,Right,5,28
40920,Mi1,73696.0,34794.0,20816.0,Left,24,17
40922,Mi1,19861.0,19821.0,22381.0,Right,5,6
40924,Mi1,89359.0,31833.0,39617.0,Left,29,15
40936,Mi1,19767.0,44034.0,22982.0,Right,5,24
40944,Mi1,15106.0,30179.0,24981.0,Right,4,14
40958,Mi1,20692.0,24472.0,21374.0,Right,6,10
41001,Mi1,3708.0,29386.0,37038.0,Right,0,13
41004,Mi1,91015.0,21215.0,34093.0,Left,30,7
41006,Mi1,93084.0,35344.0,32344.0,Left,30,17
41015,Mi1,9620.0,40406.0,41568.0,Right,2,21
41029,Mi1,89536.0,19148.0,34808.0,Left,29,6
41037,Mi1,18102.0,50136.0,28190.0,Right,5,28
41063,Mi1,92832.0,36356.0,32942.0,Left,30,18
41069,Mi1,19805.0,23455.0,21465.0,Right,5,9
41075,Mi1,4017.0,27126.0,36241.0,Right,0,12
41100,Mi1,93588.0,32336.0,32678.0,Left,31,15
41120,Mi1,2586.0,32868.0,35186.0,Right,0,16
41129,Mi1,90028.0,19762.0,33654.0,Left,29,6
41136,Mi1,24534.0,36030.0,21448.0,Right,7,18
41145,Mi1,20191.0,21911.0,22198.0,Right,5,8
41206,Mi1,19567.0,22813.0,21912.0,Right,5,8
41211,Mi1,20650.0,49446.0,26540.0,Right,6,28
41264,Mi1,14204.0,50538.0,36576.0,Right,3,28
41278,Mi1,92676.0,26644.0,35070.0,Left,30,11
41279,Mi1,93182.0,36214.0,33436.0,Left,30,18
41284,Mi1,12738.0,50396.0,35294.0,Right,3,28
41296,Mi1,21234.0,32049.0,20445.0,Right,6,15
41315,Mi1,12594.0,50476.0,34378.0,Right,3,28
41344,Mi1,15318.0,18194.0,26959.0,Right,4,5
41354,Mi1,92966.0,35732.0,30608.0,Left,30,18
41398,Mi1,3344.0,28644.0,35452.0,Right,0,13
41399,Mi1,24272.0,34412.0,21498.0,Right,7,17
41418,Mi1,14205.0,51348.0,34541.0,Right,3,29
41434,Mi1,6458.0,22238.0,35486.0,Right,1,8
41435,Mi1,3276.0,31124.0,34504.0,Right,0,14
41475,Mi1,20186.0,13317.0,29032.0,Right,5,2
41479,Mi1,21686.0,27218.0,20660.0,Right,6,12
41486,Mi1,8780.0,19748.0,32668.0,Right,2,6
41492,Mi1,11815.0,47695.0,38443.0,Right,3,26
41508,Mi1,21360.0,25754.0,20590.0,Right,6,11
41519,Mi1,91136.0,21682.0,34045.0,Left,30,8
41522,Mi1,18382.0,25399.0,22134.0,Right,5,10
41536,Mi1,17949.0,25998.0,22842.0,Right,5,11
41537,Mi1,17127.0,17332.0,26166.0,Right,4,4
41545,Mi1,17953.0,30960.0,22367.0,Right,5,14
41568,Mi1,3634.0,27610.0,35118.0,Right,0,12
41577,Mi1,22087.0,28363.0,20247.0,Right,6,12
41611,Mi1,78692.0,17664.0,24816.0,Left,25,5
41613,Mi1,20858.0,27927.0,20537.0,Right,6,12
41619,Mi1,93506.0,34400.0,33282.0,Left,30,17
41624,Mi1,76100.0,35762.0,19942.0,Left,25,18
41626,Mi1,2640.0,32744.0,33748.0,Right,0,16
41627,Mi1,92422.0,26382.0,34760.0,Left,30,11
41637,Mi1,17416.0,23660.0,23708.0,Right,5,9
41638,Mi1,78261.0,39233.0,20192.0,Left,25,20
41654,Mi1,23206.0,40756.0,22474.0,Right,7,21
41659,Mi1,3340.0,30224.0,32908.0,Right,0,14
41672,Mi1,87464.0,16846.0,34246.0,Left,28,4
41696,Mi1,16582.0,19574.0,25168.0,Right,4,6
41709,Mi1,23252.0,41490.0,22856.0,Right,7,22
41718,Mi1,14183.0,50907.0,34667.0,Right,3,29
41804,Mi1,19594.0,25258.0,21122.0,Right,5,10
41809,Mi1,18420.0,33230.0,21380.0,Right,5,16
41817,Mi1,86986.0,47134.0,34498.0,Left,28,26
41864,Mi1,84452.0,24346.0,28484.0,Left,27,10
41947,Mi1,18954.0,49867.0,27226.0,Right,5,28
41948,Mi1,6705.0,31336.0,39983.0,Right,1,15
41950,Mi1,22686.0,36320.0,21164.0,Right,6,18
41959,Mi1,75866.0,11868.0,25651.0,Left,24,1
41975,Mi1,79994.0,45788.0,24722.0,Left,26,25
42000,Mi1,91497.0,23759.0,36161.0,Left,30,9
42001,Mi1,74173.0,26797.0,19331.0,Left,24,11
42005,Mi1,90538.0,37052.0,36970.0,Left,29,19
42015,Mi1,18030.0,16918.0,25104.0,Right,5,4
42048,Mi1,3098.0,29730.0,33542.0,Right,0,13
42052,Mi1,19170.0,20904.0,22798.0,Right,5,7
42054,Mi1,91364.0,25740.0,31196.0,Left,30,11
42057,Mi1,5393.0,29835.0,39002.0,Right,0,13
42070,Mi1,19486.0,18338.0,23240.0,Right,5,5
42119,Mi1,17385.0,34521.0,22068.0,Right,5,17
42120,Mi1,76290.0,13394.0,24324.0,Left,25,2
42166,Mi1,19419.0,15817.0,25339.0,Right,5,3
42186,Mi1,15186.0,15987.0,28464.0,Right,4,3
42219,Mi1,13501.0,50105.0,36795.0,Right,3,28
42223,Mi1,13198.0,50510.0,35564.0,Right,3,28
42254,Mi1,77688.0,36323.0,20027.0,Left,25,18
42299,Mi1,89883.0,21373.0,36723.0,Left,29,7
42331,Mi1,19037.0,51841.0,29926.0,Right,5,29
42340,Mi1,20088.0,14028.0,27075.0,Right,5,2
42380,Mi1,18231.0,17916.0,24550.0,Right,5,5
42410,Mi1,19767.0,16063.0,24853.0,Right,5,4
42476,Mi1,19059.0,16221.0,25313.0,Right,5,4
42506,Mi1,84328.0,48416.0,29738.0,Left,27,27
42519,Mi1,9923.0,17933.0,33080.0,Right,2,5
42521,Mi1,17354.0,17608.0,25110.0,Right,5,5
42534,Mi1,18422.0,15613.0,25974.0,Right,5,3
42559,Mi1,79783.0,46327.0,25853.0,Left,26,25
42594,Mi1,22634.0,37306.0,21220.0,Right,6,19
42600,Mi1,90021.0,25551.0,38254.0,Left,29,10
42628,Mi1,19984.0,13495.0,27845.0,Right,5,2
42636,Mi1,93468.0,33306.0,34155.0,Left,30,16
42649,Mi1,77966.0,41084.0,20758.0,Left,25,22
42663,Mi1,92926.0,34960.0,30428.0,Left,30,17
42675,Mi1,18355.0,28090.0,21884.0,Right,5,12
42676,Mi1,6159.0,22266.0,35119.0,Right,1,8
42691,Mi1,23138.0,39506.0,22053.0,Right,7,20
42693,Mi1,19548.0,19092.0,22858.0,Right,5,6
42695,Mi1,85785.0,48194.0,33822.0,Left,28,27
42714,Mi1,20900.0,24730.0,20798.0,Right,6,10
42758,Mi1,23752.0,36396.0,21536.0,Right,7,18
42763,Mi1,19274.0,49306.0,26538.0,Right,5,28
42766,Mi1,79479.0,45958.0,25521.0,Left,26,25
42768,Mi1,89476.0,29526.0,39446.0,Left,29,13
42770,Mi1,81745.0,15212.0,28695.0,Left,26,3
42799,Mi1,77504.0,33326.0,19570.0,Left,25,16
42816,Mi1,88713.0,17914.0,33008.0,Left,29,5
42827,Mi1,9864.0,19363.0,34276.0,Right,2,6
42838,Mi1,91658.0,25294.0,36770.0,Left,30,10
42850,Mi1,76670.0,28634.0,20209.0,Left,25,13
42856,Mi1,3558.0,28654.0,32908.0,Right,0,13
42868,Mi1,79757.0,45484.0,24359.0,Left,26,25
42871,Mi1,18886.0,16452.0,24964.0,Right,5,4
42872,Mi1,24747.0,37291.0,22039.0,Right,7,19
42893,Mi1,93140.0,34308.0,34948.0,Left,30,17
42895,Mi1,22949.0,38116.0,21538.0,Right,6,19
42909,Mi1,14105.0,51229.0,32716.0,Right,3,29
42942,Mi1,20009.0,44461.0,24377.0,Right,5,24
42964,Mi1,91506.0,25756.0,35544.0,Left,30,11
43016,Mi1,18742.0,18600.0,24404.0,Right,5,5
43026,Mi1,81877.0,14383.0,29005.0,Left,27,2
43045,Mi1,19452.0,17382.0,25362.0,Right,5,4
43054,Mi1,77104.0,34806.0,19996.0,Left,25,17
43055,Mi1,75526.0,12774.0,26520.0,Left,24,1
43063,Mi1,24070.0,33064.0,21340.0,Right,7,16
43072,Mi1,91258.0,24102.0,36902.0,Left,30,9
43073,Mi1,13237.0,15694.0,30118.0,Right,3,3
43076,Mi1,93437.0,32340.0,33894.0,Left,30,15
43086,Mi1,19514.0,16642.0,25006.0,Right,5,4
43099,Mi1,10157.0,18419.0,31337.0,Right,2,5
43100,Mi1,17645.0,52377.0,32084.0,Right,5,30
43142,Mi1,20342.0,17034.0,24654.0,Right,6,4
43146,Mi1,4429.0,26113.0,35966.0,Right,0,11
43169,Mi1,76759.0,12218.0,28174.0,Left,25,1
43178,Mi1,15234.0,15698.0,29700.0,Right,4,3
43188,Mi1,75498.0,13468.0,24818.0,Left,24,2
43205,Mi1,93556.0,32258.0,32270.0,Left,30,15
43209,Mi1,90263.0,22083.0,34588.0,Left,29,8
43221,Mi1,21100.0,23520.0,20830.0,Right,6,9
43256,Mi1,18139.0,19327.0,25274.0,Right,5,6
43275,Mi1,4173.0,26497.0,35447.0,Right,0,11
43291,Mi1,78991.0,13259.0,28072.0,Left,26,2
43323,Mi1,2988.0,30726.0,35170.0,Right,0,14
43325,Mi1,92594.0,26406.0,35496.0,Left,30,11
43328,Mi1,77975.0,14735.0,25329.0,Left,25,3
43355,Mi1,5070.0,28030.0,35917.0,Right,0,12
43373,Mi1,12105.0,17189.0,30260.0,Right,3,4
43410,Mi1,4037.0,26350.0,34133.0,Right,0,11
43414,Mi1,19806.0,26638.0,20886.0,Right,5,11
43421,Mi1,12100.0,23540.0,30435.0,Right,3,9
43432,Mi1,91488.0,28682.0,37464.0,Left,30,13
43434,Mi1,92717.0,27271.0,35855.0,Left,30,12
43446,Mi1,20506.0,24258.0,21821.0,Right,6,9
43485,Mi1,21376.0,43392.0,23366.0,Right,6,23
43493,Mi1,13452.0,18346.0,29428.0,Right,3,5
43516,Mi1,17413.0,16409.0,26057.0,Right,5,4
43522,Mi1,7256.0,28682.0,39774.0,Right,1,13
43550,Mi1,74544.0,22128.0,19332.0,Left,24,8
43551,Mi1,4188.0,26575.0,35906.0,Right,0,11
43567,Mi1,81224.0,26896.0,24346.0,Left,26,11
43577,Mi1,79056.0,14516.0,26151.0,Left,26,2
43582,Mi1,4941.0,28358.0,38132.0,Right,0,12
43604,Mi1,91176.0,22033.0,33264.0,Left,30,8
43608,Mi1,12180.0,49060.0,37205.0,Right,3,27
43615,Mi1,19062.0,23001.0,22033.0,Right,5,9
43663,Mi1,93552.0,31690.0,33456.0,Left,30,15
43686,Mi1,77059.0,43954.0,22360.0,Left,25,24
43689,Mi1,24774.0,38526.0,22378.0,Right,7,20
43705,Mi1,25554.0,34798.0,21594.0,Right,7,17
43738,Mi1,18640.0,15266.0,26264.0,Right,5,3
43778,Mi1,23248.0,43386.0,23632.0,Right,7,23
43783,Mi1,20668.0,26964.0,20610.0,Right,6,11
43823,Mi1,91160.0,23498.0,36452.0,Left,30,9
43841,Mi1,75366.0,28828.0,20115.0,Left,24,13
43858,Mi1,79126.0,14223.0,26587.0,Left,26,2
43872,Mi1,25430.0,35903.0,22022.0,Right,7,18
43887,Mi1,91544.0,23189.0,33776.0,Left,30,9
43902,Mi1,18426.0,14674.0,27576.0,Right,5,3
43905,Mi1,16757.0,15758.0,27717.0,Right,4,3
43935,Mi1,86554.0,47468.0,30802.0,Left,28,26
43945,Mi1,79246.0,13582.0,27306.0,Left,26,2
43965,Mi1,24882.0,39166.0,23028.0,Right,7,20
43969,Mi1,17947.0,52385.0,36132.0,Right,5,30
43972,Mi1,19437.0,50804.0,28105.0,Right,5,29
43978,Mi1,21212.0,30262.0,20410.0,Right,6,14
43995,Mi1,77470.0,35442.0,19568.0,Left,25,18
44022,Mi1,18741.0,16363.0,26187.0,Right,5,4
44029,Mi1,14214.0,51318.0,35010.0,Right,3,29
44064,Mi1,82609.0,13798.0,29845.0,Left,27,2
44090,Mi1,89914.0,19744.0,33152.0,Left,29,6
44107,Mi1,84188.0,48810.0,33552.0,Left,27,27
44119,Mi1,22716.0,35420.0,20988.0,Right,6,17
44129,Mi1,92668.0,25350.0,34318.0,Left,30,10
44132,Mi1,88367.0,17957.0,35066.0,Left,29,5
44150,Mi1,19813.0,52139.0,30218.0,Right,5,30
44169,Mi1,4912.0,24868.0,34674.0,Right,0,10
44186,Mi1,84408.0,47302.0,31092.0,Left,27,26
44192,Mi1,14502.0,17460.0,27548.0,Right,4,5
44194,Mi1,76272.0,38508.0,20242.0,Left,25,20
44222,Mi1,25116.0,37164.0,22436.0,Right,7,19
44227,Mi1,91383.0,23886.0,36580.0,Left,30,9
44237,Mi1,84230.0,48856.0,33088.0,Left,27,27
44266,Mi1,93586.0,32050.0,33171.0,Left,30,15
44279,Mi1,6561.0,24750.0,37895.0,Right,1,10
44282,Mi1,21030.0,41908.0,22338.0,Right,6,22
44292,Mi1,77394.0,21710.0,21764.0,Left,25,8
44307,Mi1,77815.0,43730.0,22166.0,Left,25,23
44310,Mi1,6175.0,23260.0,33514.0,Right,1,9
44312,Mi1,75967.0,15599.0,22812.0,Left,24,3
44332,Mi1,16268.0,17026.0,26254.0,Right,4,4
44335,Mi1,80265.0,45973.0,25083.0,Left,26,25
44342,Mi1,12502.0,44946.0,41466.0,Right,3,24
44350,Mi1,19830.0,14288.0,26898.0,Right,5,2
44373,Mi1,76224.0,48906.0,36806.0,Left,25,27
44376,Mi1,15975.0,15932.0,27795.0,Right,4,3
44438,Mi1,19017.0,23976.0,21877.0,Right,5,9
44447,Mi1,73120.0,26806.0,19032.0,Left,24,11
44465,Mi1,76692.0,16209.0,22798.0,Left,25,4
44471,Mi1,8642.0,20078.0,33369.0,Right,2,6
44503,Mi1,5528.0,26692.0,38026.0,Right,1,11
44509,Mi1,75975.0,12710.0,23884.0,Left,25,1
44527,Mi1,21680.0,42254.0,22908.0,Right,6,22
44552,Mi1,20358.0,23854.0,21037.0,Right,6,9
44628,Mi1,92890.0,29046.0,31302.0,Left,30,13
44645,Mi1,18117.0,15430.0,26346.0,Right,5,3
44664,Mi1,92918.0,34438.0,35334.0,Left,30,17
44674,Mi1,21246.0,13353.0,27944.0,Right,6,2
44700,Mi1,21046.0,28286.0,20808.0,Right,6,12
44702,Mi1,77949.0,45696.0,23716.0,Left,25,25
44707,Mi1,82118.0,48890.0,33796.0,Left,27,27
44719,Mi1,93565.0,30733.0,33849.0,Left,30,14
44729,Mi1,8030.0,20622.0,32839.0,Right,1,7
44738,Mi1,5582.0,23322.0,34758.0,Right,1,9
44773,Mi1,15864.0,20910.0,26426.0,Right,4,7
44795,Mi1,15907.0,51487.0,36490.0,Right,4,29
44869,Mi1,19272.0,18826.0,23314.0,Right,5,6
44873,Mi1,15796.0,50170.0,38921.0,Right,4,28
44876,Mi1,22618.0,43128.0,23823.0,Right,6,23
44879,Mi1,93170.0,35414.0,33923.0,Left,30,17
44881,Mi1,20993.0,50032.0,27370.0,Right,6,28
44898,Mi1,15052.0,14662.0,31949.0,Right,4,3
44902,Mi1,90278.0,20271.0,35100.0,Left,29,7
44937,Mi1,16204.0,15081.0,28769.0,Right,4,3
44941,Mi1,4957.0,27942.0,38043.0,Right,0,12
44964,Mi1,77577.0,47753.0,25658.0,Left,25,26
45008,Mi1,16260.0,16670.0,26468.0,Right,4,4
45030,Mi1,70659.0,37746.0,22386.0,Left,23,19
45035,Mi1,16906.0,13929.0,31666.0,Right,4,2
45046,Mi1,83816.0,47335.0,28534.0,Left,27,26
45058,Mi1,83637.0,48831.0,33821.0,Left,27,27
45069,Mi1,92739.0,26156.0,35021.0,Left,30,11
45088,Mi1,90868.0,21014.0,34492.0,Left,30,7
45111,Mi1,20392.0,21984.0,21437.0,Right,6,8
45176,Mi1,25468.0,40088.0,23549.0,Right,7,21
45233,Mi1,13087.0,18148.0,31510.0,Right,3,5
45238,Mi1,20390.0,13340.0,27508.0,Right,6,2
45267,Mi1,75400.0,11949.0,24666.0,Left,24,1
45269,Mi1,74482.0,20423.0,20093.0,Left,24,7
45317,Mi1,7120.0,22208.0,36156.0,Right,1,8
45319,Mi1,21916.0,41337.0,22466.0,Right,6,22
45322,Mi1,20566.0,28486.0,20490.0,Right,6,12
45335,Mi1,5572.0,23762.0,33606.0,Right,1,9
45349,Mi1,17676.0,24029.0,23413.0,Right,5,9
45369,Mi1,8492.0,34888.0,41634.0,Right,2,17
45381,Mi1,5918.0,26087.0,37513.0,Right,1,11
45410,Mi1,18463.0,19285.0,23786.0,Right,5,6
45419,Mi1,14662.0,14797.0,31774.0,Right,4,3
45423,Mi1,16478.0,51572.0,33490.0,Right,4,29
45425,Mi1,77078.0,14510.0,24506.0,Left,25,2
45443,Mi1,25953.0,39409.0,23819.0,Right,7,20
45450,Mi1,20574.0,14387.0,25906.0,Right,6,2
45486,Mi1,7236.0,22844.0,36722.0,Right,1,8
45502,Mi1,20083.0,16696.0,24799.0,Right,5,4
45514,Mi1,78198.0,12910.0,28022.0,Left,25,1
45516,Mi1,91465.0,22031.0,34079.0,Left,30,8
45544,Mi1,84616.0,46486.0,36640.0,Left,27,25
45546,Mi1,12487.0,15931.0,31322.0,Right,3,3
45557,Mi1,19673.0,13879.0,32254.0,Right,5,2
45559,Mi1,83576.0,20223.0,29669.0,Left,27,7
45564,Mi1,76656.0,16692.0,22670.0,Left,25,4
45574,Mi1,93308.0,28634.0,34692.0,Left,30,13
45585,Mi1,77229.0,13930.0,25197.0,Left,25,2
45601,Mi1,19113.0,16889.0,25902.0,Right,5,4
45624,Mi1,5754.0,26315.0,38155.0,Right,1,11
45634,Mi1,25196.0,35371.0,22117.0,Right,7,17
45645,Mi1,90940.0,24572.0,37252.0,Left,30,10
45652,Mi1,5631.0,23797.0,36102.0,Right,1,9
45664,Mi1,24586.0,31692.0,21158.0,Right,7,15
45696,Mi1,22956.0,42398.0,23110.0,Right,6,23
45719,Mi1,25122.0,38191.0,22490.0,Right,7,19
45720,Mi1,77076.0,15536.0,23268.0,Left,25,3
45740,Mi1,85024.0,48345.0,33943.0,Left,28,27
45763,Mi1,80164.0,47061.0,37997.0,Left,26,26
45768,Mi1,76097.0,40041.0,20633.0,Left,25,21
45784,Mi1,12831.0,16173.0,30294.0,Right,3,4
45794,Mi1,19309.0,18022.0,23509.0,Right,5,5
45801,Mi1,18782.0,15724.0,25818.0,Right,5,3
45812,Mi1,12870.0,20157.0,31334.0,Right,3,6
45816,Mi1,16116.0,49832.0,39806.0,Right,4,28
45819,Mi1,18471.0,14100.0,30333.0,Right,5,2
45823,Mi1,6035.0,22787.0,33761.0,Right,1,8
45826,Mi1,82792.0,49506.0,30007.0,Left,27,28
45841,Mi1,77202.0,14406.0,25298.0,Left,25,2
45845,Mi1,13414.0,15316.0,31276.0,Right,3,3
45877,Mi1,75556.0,39438.0,20706.0,Left,24,20
45922,Mi1,7654.0,24566.0,38646.0,Right,1,10
45946,Mi1,81970.0,49955.0,30291.0,Left,27,28
45964,Mi1,16638.0,52482.0,33486.0,Right,4,30
45987,Mi1,19478.0,50652.0,32093.0,Right,5,28
45988,Mi1,82606.0,15646.0,31222.0,Left,27,3
46036,Mi1,5608.0,24480.0,33048.0,Right,1,10
46048,Mi1,75686.0,11562.0,28542.0,Left,24,0
46067,Mi1,23738.0,31556.0,21004.0,Right,7,15
46123,Mi1,19404.0,22798.0,22378.0,Right,5,8
46191,Mi1,6301.0,25132.0,37842.0,Right,1,10
46248,Mi1,19776.0,42954.0,23030.0,Right,5,23
46251,Mi1,5250.0,24270.0,35748.0,Right,0,9
46270,Mi1,93412.0,28876.0,32890.0,Left,30,13
46272,Mi1,20214.0,20151.0,22291.0,Right,6,6
46274,Mi1,19596.0,51838.0,30611.0,Right,5,29
46290,Mi1,19883.0,18270.0,23058.0,Right,5,5
46296,Mi1,92708.0,27644.0,36222.0,Left,30,12
46329,Mi1,75478.0,23008.0,20814.0,Left,24,9
46333,Mi1,19963.0,20436.0,22440.0,Right,5,7
46390,Mi1,16236.0,51635.0,32830.0,Right,4,29
46452,Mi1,76743.0,12632.0,26189.0,Left,25,1
46481,Mi1,19872.0,23038.0,21688.0,Right,5,9
46531,Mi1,19764.0,17938.0,23295.0,Right,5,5
46546,Mi1,8156.0,21438.0,36264.0,Right,1,7
46550,Mi1,18706.0,50328.0,28338.0,Right,5,28
46564,Mi1,20085.0,50890.0,28618.0,Right,5,29
46579,Mi1,80456.0,46937.0,30114.0,Left,26,26
46581,Mi1,75344.0,11132.0,28742.0,Left,24,0
46624,Mi1,12652.0,15598.0,31686.0,Right,3,3
46634,Mi1,74836.0,19662.0,21256.0,Left,24,6
46656,Mi1,19414.0,13578.0,30450.0,Right,5,2
46689,Mi1,7486.0,38546.0,40562.0,Right,1,20
46713,Mi1,4404.0,25861.0,33467.0,Right,0,11
46715,Mi1,11130.0,41542.0,42143.0,Right,2,22
46722,Mi1,20820.0,48768.0,40954.0,Right,6,27
46723,Mi1,91701.0,23009.0,35070.0,Left,30,9
46736,Mi1,93256.0,30952.0,35356.0,Left,30,14
46745,Mi1,19962.0,44939.0,23660.0,Right,5,24
46784,Mi1,18985.0,22573.0,22183.0,Right,5,8
46786,Mi1,93222.0,28008.0,34694.0,Left,30,12
46793,Mi1,88851.0,22009.0,31764.0,Left,29,8
46798,Mi1,4456.0,25419.0,34136.0,Right,0,10
46827,Mi1,2770.0,31616.0,35498.0,Right,0,15
46840,Mi1,14230.0,16767.0,28874.0,Right,3,4
46860,Mi1,14918.0,50552.0,37326.0,Right,4,28
46898,Mi1,77406.0,48908.0,27512.0,Left,25,27
46964,Mi1,83963.0,48523.0,29196.0,Left,27,27
46975,Mi1,76564.0,13502.0,24700.0,Left,25,2
46976,Mi1,21591.0,48310.0,26172.0,Right,6,27
46997,Mi1,75851.0,41568.0,21666.0,Left,24,22
46998,Mi1,89782.0,22775.0,37677.0,Left,29,8
47000,Mi1,79955.0,47917.0,26303.0,Left,26,27
47049,Mi1,93352.0,30568.0,34758.0,Left,30,14
47105,Mi1,90285.0,29902.0,38178.0,Left,29,14
47121,Mi1,81775.0,49636.0,32566.0,Left,26,28
47131,Mi1,9556.0,19840.0,31452.0,Right,2,6
47135,Mi1,21359.0,48763.0,26205.0,Right,6,27
47153,Mi1,80918.0,49068.0,27174.0,Left,26,27
47211,Mi1,24051.0,40943.0,23142.0,Right,7,21
47284,Mi1,21004.0,14548.0,25949.0,Right,6,2
47289,Mi1,80914.0,15122.0,27602.0,Left,26,3
47293,Mi1,71614.0,37474.0,22121.0,Left,23,19
47314,Mi1,19931.0,15855.0,25184.0,Right,5,3
47322,Mi1,19002.0,50576.0,31700.0,Right,5,28
47367,Mi1,93212.0,28686.0,35136.0,Left,30,13
47404,Mi1,21927.0,46403.0,25497.0,Right,6,25
47436,Mi1,81551.0,12932.0,30017.0,Left,26,1
47458,Mi1,75406.0,38798.0,20630.0,Left,24,20
47565,Mi1,8298.0,20640.0,35680.0,Right,1,7
47603,Mi1,20455.0,16169.0,25495.0,Right,6,4
47605,Mi1,18174.0,13271.0,30767.0,Right,5,2
47607,Mi1,76404.0,12103.0,27621.0,Left,25,1
47649,Mi1,19454.0,52010.0,29817.0,Right,5,29
47701,Mi1,74552.0,10784.0,27126.0,Left,24,0
47756,Mi1,93142.0,27101.0,33825.0,Left,30,11
47824,Mi1,89100.0,18468.0,33148.0,Left,29,5
47865,Mi1,85880.0,15377.0,32201.0,Left,28,3
47877,Mi1,86633.0,15847.0,32396.0,Left,28,3
47930,Mi1,87997.0,17374.0,32505.0,Left,29,4
47936,Mi1,13306.0,15482.0,30860.0,Right,3,3
47967,Mi1,22738.0,34638.0,21266.0,Right,6,17
48028,Mi1,25421.0,37800.0,22506.0,Right,7,19
48060,Mi1,18102.0,24795.0,23323.0,Right,5,10
48088,Mi1,5166.0,32290.0,39152.0,Right,0,15
48170,Mi1,22795.0,41961.0,23318.0,Right,6,22
48171,Mi1,76180.0,45078.0,23954.0,Left,25,24
48247,Mi1,10112.0,47443.0,36116.0,Right,2,26
48253,Mi1,10650.0,19496.0,36612.0,Right,2,6
48286,Mi1,18898.0,24344.0,21790.0,Right,5,10
48293,Mi1,89498.0,25272.0,38624.0,Left,29,10
48306,Mi1,22680.0,48782.0,27606.0,Right,6,27
48346,Mi1,16806.0,52437.0,33923.0,Right,4,30
48349,Mi1,5065.0,25489.0,35780.0,Right,0,10
48367,Mi1,93319.0,28568.0,34067.0,Left,30,13
48462,Mi1,26072.0,40043.0,23767.0,Right,8,21
48466,Mi1,93242.0,30484.0,35176.0,Left,30,14
48476,Mi1,78100.0,49105.0,26875.0,Left,25,27
48531,Mi1,24418.0,40182.0,22916.0,Right,7,21
48564,Mi1,81584.0,12834.0,31000.0,Left,26,1
48588,Mi1,20782.0,13564.0,26736.0,Right,6,2
48613,Mi1,18995.0,17716.0,23937.0,Right,5,5
48616,Mi1,23184.0,44537.0,24157.0,Right,7,24
48630,Mi1,17284.0,15014.0,28086.0,Right,5,3
48748,Mi1,8840.0,45064.0,39308.0,Right,2,24
48785,Mi1,22422.0,46516.0,25268.0,Right,6,25
48798,Mi1,20454.0,49848.0,26754.0,Right,6,28
48822,Mi1,77892.0,48094.0,25796.0,Left,25,27
48828,Mi1,19616.0,17106.0,24167.0,Right,5,4
48836,Mi1,82224.0,49606.0,29871.0,Left,27,28
48847,Mi1,4774.0,25266.0,35680.0,Right,0,10
48862,Mi1,20380.0,14384.0,32528.0,Right,6,2
49236,Mi1,84105.0,14434.0,30698.0,Left,27,2
49259,Mi1,18308.0,52998.0,35104.0,Right,5,30
49272,Mi1,80708.0,18590.0,26580.0,Left,26,5
49305,Mi1,77558.0,47018.0,24646.0,Left,25,26
49324,Mi1,18472.0,39726.0,22548.0,Right,5,21
49342,Mi1,27272.0,39328.0,24484.0,Right,8,20
49351,Mi1,6978.0,38324.0,40680.0,Right,1,20
49353,Mi1,72272.0,40268.0,23128.0,Left,23,21
49362,Mi1,83566.0,48724.0,29294.0,Left,27,27
49400,Mi1,11307.0,17611.0,33981.0,Right,2,5
49409,Mi1,77488.0,46932.0,25144.0,Left,25,26
49466,Mi1,76524.0,20366.0,21268.0,Left,25,7
49506,Mi1,21666.0,50808.0,29636.0,Right,6,29
49508,Mi1,20842.0,13774.0,32326.0,Right,6,2
49517,Mi1,93328.0,28638.0,32530.0,Left,30,13
49521,Mi1,15924.0,52012.0,33870.0,Right,4,29
49542,Mi1,22157.0,47930.0,26536.0,Right,6,27
49612,Mi1,81799.0,48749.0,29714.0,Left,26,27
49634,Mi1,23898.0,31331.0,20563.0,Right,7,15
49637,Mi1,79166.0,48360.0,26175.0,Left,26,27
49828,Mi1,75106.0,11490.0,25720.0,Left,24,0
49847,Mi1,75899.0,11991.0,26813.0,Left,24,1
49889,Mi1,87140.0,17138.0,35238.0,Left,28,4
49907,Mi1,14192.0,50252.0,37601.0,Right,3,28
49934,Mi1,77372.0,49991.0,28502.0,Left,25,28
50005,Mi1,24205.0,46424.0,26341.0,Right,7,25
50006,Mi1,92446.0,33987.0,36176.0,Left,30,16
50018,Mi1,4932.0,24986.0,35420.0,Right,0,10
50100,Mi1,19736.0,51666.0,29520.0,Right,5,29
50143,Mi1,77133.0,47401.0,37965.0,Left,25,26
50220,Mi1,75593.0,12116.0,24227.0,Left,24,1
50225,Mi1,5585.0,24167.0,36797.0,Right,1,9
50400,Mi1,76310.0,44558.0,23110.0,Left,25,24
50426,Mi1,7204.0,23252.0,36730.0,Right,1,9
50516,Mi1,16896.0,51454.0,32882.0,Right,4,29
50525,Mi1,87838.0,23728.0,39551.0,Left,29,9
50552,Mi1,25138.0,40072.0,23816.0,Right,7,21
50589,Mi1,25344.0,42216.0,24838.0,Right,7,22
50703,Mi1,16350.0,52297.0,34110.0,Right,4,30
50723,Mi1,20727.0,14027.0,26203.0,Right,6,2
50727,Mi1,88404.0,24700.0,39524.0,Left,29,10
50748,Mi1,86040.0,47168.0,31610.0,Left,28,26
50763,Mi1,21556.0,51338.0,29640.0,Right,6,29
50766,Mi1,89288.0,21064.0,36488.0,Left,29,7
50813,Mi1,19306.0,15216.0,26174.0,Right,5,3
50879,Mi1,7198.0,23991.0,36638.0,Right,1,9
50886,Mi1,22118.0,27693.0,20388.0,Right,6,12
50901,Mi1,80620.0,49636.0,27849.0,Left,26,28
50916,Mi1,7418.0,33678.0,40756.0,Right,1,16
50925,Mi1,86224.0,15728.0,31680.0,Left,28,3
51011,Mi1,88557.0,26145.0,39745.0,Left,29,11
51023,Mi1,75917.0,14919.0,24484.0,Left,24,3
51043,Mi1,72650.0,44137.0,24720.0,Left,23,24
51049,Mi1,23672.0,40774.0,22926.0,Right,7,21
51051,Mi1,10133.0,43358.0,41071.0,Right,2,23
51071,Mi1,21250.0,16034.0,26865.0,Right,6,4
51081,Mi1,8188.0,22292.0,37383.0,Right,1,8
51099,Mi1,81272.0,13654.0,29024.0,Left,26,2
51211,Mi1,26343.0,39948.0,24135.0,Right,8,21
51217,Mi1,21232.0,24462.0,21156.0,Right,6,10
51247,Mi1,21622.0,13246.0,27662.0,Right,6,2
51279,Mi1,20106.0,17430.0,23779.0,Right,5,5
51284,Mi1,11558.0,17710.0,34442.0,Right,3,5
51294,Mi1,81574.0,13256.0,32348.0,Left,26,2
51367,Mi1,21484.0,13700.0,32694.0,Right,6,2
51473,Mi1,27113.0,39853.0,24639.0,Right,8,21
51485,Mi1,68709.0,40827.0,25947.0,Left,22,21
51497,Mi1,21495.0,50100.0,27704.0,Right,6,28
51528,Mi1,80087.0,13533.0,29157.0,Left,26,2
51671,Mi1,87437.0,22107.0,39006.0,Left,28,8
51697,Mi1,75162.0,38462.0,20720.0,Left,24,20
51744,Mi1,77944.0,12558.0,30048.0,Left,25,1
51771,Mi1,17572.0,14183.0,33359.0,Right,5,2
51775,Mi1,22114.0,50250.0,28393.0,Right,6,28
51909,Mi1,87927.0,18566.0,36017.0,Left,29,5
52006,Mi1,73280.0,39519.0,22171.0,Left,24,20
52125,Mi1,75467.0,12994.0,24158.0,Left,24,1
52199,Mi1,11618.0,45478.0,40998.0,Right,3,25
52252,Mi1,77897.0,18549.0,23311.0,Left,25,5
52255,Mi1,87716.0,17780.0,35518.0,Left,28,5
52288,Mi1,21192.0,12694.0,29776.0,Right,6,1
52296,Mi1,12602.0,16792.0,33686.0,Right,3,4
52350,Mi1,19394.0,42628.0,23310.0,Right,5,23
52358,Mi1,11062.0,18912.0,36246.0,Right,2,6
52362,Mi1,21780.0,12826.0,28540.0,Right,6,1
52384,Mi1,27981.0,42734.0,27786.0,Right,8,23
52387,Mi1,78130.0,43947.0,22368.0,Left,25,24
52412,Mi1,21120.0,13192.0,28430.0,Right,6,1
52416,Mi1,21792.0,25652.0,20538.0,Right,6,10
52424,Mi1,81818.0,12890.0,30607.0,Left,26,1
52453,Mi1,75801.0,11944.0,26332.0,Left,24,1
52461,Mi1,87768.0,21162.0,38270.0,Left,29,7
52639,Mi1,77080.0,12528.0,30804.0,Left,25,1
52709,Mi1,8214.0,27965.0,40315.0,Right,1,12
52745,Mi1,7640.0,22744.0,36928.0,Right,1,8
52790,Mi1,93316.0,28984.0,32236.0,Left,30,13
53100,Mi1,20650.0,17542.0,23094.0,Right,6,5
53103,Mi1,87126.0,19654.0,37640.0,Left,28,6
53193,Mi1,18761.0,17429.0,24199.0,Right,5,5
53279,Mi1,92982.0,28112.0,35740.0,Left,30,12
53324,Mi1,80800.0,12712.0,31392.0,Left,26,1
53381,Mi1,15902.0,20294.0,26009.0,Right,4,7
53494,Mi1,78526.0,12560.0,29552.0,Left,25,1
53510,Mi1,16835.0,51345.0,37804.0,Right,4,29
53551,Mi1,20666.0,21448.0,22780.0,Right,6,7
53574,Mi1,8945.0,25379.0,39852.0,Right,2,10
53596,Mi1,25435.0,41826.0,24596.0,Right,7,22
53613,Mi1,74588.0,10624.0,27724.0,Left,24,0
53689,Mi1,74704.0,11562.0,26226.0,Left,24,0
53882,Mi1,79126.0,49666.0,29550.0,Left,26,28
53955,Mi1,16759.0,14143.0,32044.0,Right,4,2
54056,Mi1,21460.0,13230.0,30298.0,Right,6,1
54073,Mi1,19434.0,48370.0,41518.0,Right,5,27
54087,Mi1,19987.0,36282.0,20855.0,Right,5,18
54143,Mi1,8653.0,26676.0,40175.0,Right,2,11
54156,Mi1,28427.0,38148.0,24134.0,Right,8,19
54168,Mi1,73852.0,43189.0,23210.0,Left,24,23
54215,Mi1,21142.0,52940.0,32940.0,Right,6,30
54298,Mi1,17158.0,52574.0,34272.0,Right,4,30
54300,Mi1,77220.0,50264.0,30262.0,Left,25,28
54337,Mi1,74788.0,10650.0,28456.0,Left,24,0
54453,Mi1,90244.0,25314.0,37148.0,Left,29,10
54518,Mi1,71002.0,38138.0,22508.0,Left,23,19
54529,Mi1,72860.0,30205.0,19757.0,Left,23,14
54579,Mi1,78088.0,42397.0,21386.0,Left,25,23
54823,Mi1,8974.0,28554.0,40107.0,Right,2,13
54964,Mi1,79444.0,50238.0,32372.0,Left,26,28
54983,Mi1,78920.0,49316.0,27182.0,Left,26,28
55015,Mi1,88687.0,17822.0,33397.0,Left,29,5
55080,Mi1,20614.0,52462.0,30868.0,Right,6,30
55101,Mi1,4544.0,42252.0,32904.0,Right,0,22
55118,Mi1,77552.0,12544.0,31690.0,Left,25,1
55133,Mi1,20808.0,53072.0,33356.0,Right,6,30
55138,Mi1,27348.0,37710.0,23588.0,Right,8,19
55157,Mi1,19994.0,14133.0,32743.0,Right,5,2
55213,Mi1,22690.0,48318.0,26708.0,Right,6,27
55342,Mi1,27460.0,42496.0,26860.0,Right,8,23
55357,Mi1,19851.0,17744.0,24393.0,Right,5,5
55435,Mi1,9042.0,26319.0,39812.0,Right,2,11
55651,Mi1,81348.0,16430.0,37360.0,Left,26,4
55678,Mi1,74870.0,11490.0,30354.0,Left,24,0
55778,Mi1,19010.0,52720.0,35805.0,Right,5,30
55805,Mi1,73756.0,41647.0,22762.0,Left,24,22
55976,Mi1,4434.0,37424.0,31550.0,Right,0,19
56219,Mi1,5434.0,31915.0,39287.0,Right,0,15
56344,Mi1,85832.0,46592.0,35080.0,Left,28,26
56372,Mi1,78322.0,50420.0,31140.0,Left,25,28
56509,Mi1,23128.0,46784.0,26116.0,Right,6,26
56534,Mi1,25008.0,33242.0,21002.0,Right,7,16
56564,Mi1,4245.0,41695.0,33226.0,Right,0,22
56588,Mi1,75128.0,12578.0,32398.0,Left,24,1
56715,Mi1,74798.0,19987.0,21467.0,Left,24,6
56736,Mi1,21290.0,14674.0,27232.0,Right,6,3
56757,Mi1,81338.0,50276.0,31214.0,Left,26,28
56871,Mi1,22462.0,12342.0,28622.0,Right,6,1
56896,Mi1,20888.0,17100.0,25984.0,Right,6,4
56945,Mi1,80103.0,49748.0,33561.0,Left,26,28
57038,Mi1,19298.0,53456.0,32812.0,Right,5,31
57078,Mi1,79633.0,50322.0,31945.0,Left,26,28
57151,Mi1,15226.0,14912.0,33616.0,Right,4,3
57205,Mi1,82824.0,48852.0,30000.0,Left,27,27
57239,Mi1,5733.0,43803.0,36244.0,Right,1,24
57273,Mi1,73430.0,42926.0,23386.0,Left,24,23
57293,Mi1,22195.0,12629.0,29278.0,Right,6,1
57364,Mi1,82386.0,14140.0,33395.0,Left,27,2
57398,Mi1,4026.0,39389.0,36390.0,Right,0,20
57409,Mi1,70161.0,37080.0,22616.0,Left,23,19
57430,Mi1,74986.0,12187.0,24858.0,Left,24,1
57565,Mi1,70318.0,39250.0,23510.0,Left,23,20
57630,Mi1,76450.0,13089.0,32174.0,Left,25,1
57736,Mi1,69847.0,40544.0,24887.0,Left,22,21
57784,Mi1,9407.0,40080.0,41900.0,Right,2,21
57848,Mi1,15563.0,16153.0,36132.0,Right,4,4
57922,Mi1,6618.0,32292.0,39730.0,Right,1,15
57979,Mi1,75213.0,47949.0,26472.0,Left,24,27
58119,Mi1,27714.0,44354.0,29092.0,Right,8,24
58131,Mi1,80296.0,45990.0,38717.0,Left,26,25
58143,Mi1,18582.0,53222.0,33592.0,Right,5,30
58192,Mi1,7554.0,28773.0,40031.0,Right,1,13
58214,Mi1,80157.0,50306.0,29190.0,Left,26,28
58224,Mi1,5532.0,41430.0,38384.0,Right,1,22
58248,Mi1,21232.0,13724.0,32372.0,Right,6,2
58253,Mi1,23598.0,48946.0,28404.0,Right,7,27
58302,Mi1,17355.0,52237.0,33985.0,Right,5,30
58483,Mi1,76964.0,50080.0,28990.0,Left,25,28
58604,Mi1,21521.0,13907.0,28118.0,Right,6,2
58676,Mi1,28048.0,43688.0,29024.0,Right,8,23
58715,Mi1,78118.0,14573.0,34915.0,Left,25,2
58734,Mi1,21545.0,13954.0,29974.0,Right,6,2
58862,Mi1,3723.0,40163.0,33313.0,Right,0,21
58978,Mi1,75538.0,48173.0,26713.0,Left,24,27
59008,Mi1,17372.0,27000.0,23390.0,Right,5,11
59036,Mi1,23926.0,31151.0,21108.0,Right,7,14
59040,Mi1,78882.0,50302.0,28114.0,Left,25,28
59087,Mi1,86258.0,21462.0,38972.0,Left,28,7
59167,Mi1,23815.0,44575.0,24776.0,Right,7,24
59302,Mi1,71514.0,40332.0,23994.0,Left,23,21
59328,Mi1,75984.0,49840.0,29298.0,Left,25,28
59338,Mi1,74852.0,12800.0,32812.0,Left,24,1
59397,Mi1,3440.0,38864.0,33130.0,Right,0,20
59492,Mi1,24131.0,44145.0,24828.0,Right,7,24
59548,Mi1,21857.0,51927.0,31512.0,Right,6,29
59610,Mi1,28235.0,44291.0,29880.0,Right,8,24
59748,Mi1,74896.0,11068.0,29264.0,Left,24,0
59804,Mi1,22242.0,51097.0,30103.0,Right,6,29
59868,Mi1,10572.0,22874.0,39252.0,Right,2,8
59924,Mi1,73706.0,45332.0,24620.0,Left,24,25
59980,Mi1,25340.0,31084.0,22001.0,Right,7,14
60114,Mi1,20316.0,53078.0,35066.0,Right,6,30
60141,Mi1,89667.0,26031.0,38918.0,Left,29,11
60247,Mi1,13430.0,15300.0,31720.0,Right,3,3
60306,Mi1,21018.0,13801.0,32765.0,Right,6,2
60422,Mi1,76375.0,14103.0,34217.0,Left,25,2
60569,Mi1,22592.0,50432.0,29314.0,Right,6,28
60748,Mi1,74019.0,46720.0,25738.0,Left,24,26
60857,Mi1,3410.0,35887.0,35937.0,Right,0,18
60908,Mi1,20730.0,52771.0,31979.0,Right,6,30
61019,Mi1,74522.0,11032.0,28386.0,Left,24,0
61048,Mi1,75060.0,49588.0,29816.0,Left,24,28
61073,Mi1,18013.0,52878.0,34312.0,Right,5,30
61119,Mi1,7364.0,35562.0,41004.0,Right,1,18
61602,Mi1,74848.0,11630.0,25388.0,Left,24,0
61693,Mi1,81388.0,16037.0,37059.0,Left,26,4
61870,Mi1,75820.0,22249.0,20316.0,Left,24,8
61932,Mi1,72141.0,30452.0,20608.0,Left,23,14
62167,Mi1,23358.0,31352.0,22814.0,Right,7,15
62228,Mi1,28568.0,41560.0,27578.0,Right,8,22
62307,Mi1,68686.0,40434.0,26230.0,Left,22,21
62373,Mi1,89086.0,44246.0,30902.0,Left,29,24
62848,Mi1,88416.0,25264.0,39662.0,Left,29,10
62850,Mi1,83741.0,18368.0,38092.0,Left,27,5
62928,Mi1,85738.0,45103.0,37613.0,Left,28,24
63060,Mi1,25550.0,47052.0,28043.0,Right,7,26
63113,Mi1,72041.0,41889.0,23829.0,Left,23,22
63420,Mi1,2799.0,35813.0,33273.0,Right,0,18
63425,Mi1,75662.0,12796.0,31360.0,Left,24,1
63468,Mi1,5284.0,42250.0,36680.0,Right,0,22
63501,Mi1,83076.0,47873.0,35318.0,Left,27,26
63619,Mi1,75838.0,19516.0,20863.0,Left,24,6
63628,Mi1,8695.0,21853.0,37445.0,Right,2,8
63724,Mi1,77814.0,31541.0,19839.0,Left,25,15
63734,Mi1,79408.0,50392.0,31642.0,Left,26,28
63932,Mi1,24358.0,44810.0,25480.0,Right,7,24
63945,Mi1,10193.0,37990.0,42192.0,Right,2,19
63990,Mi1,25994.0,35803.0,22018.0,Right,7,18
63994,Mi1,3428.0,34107.0,37183.0,Right,0,17
64045,Mi1,16692.0,14338.0,32448.0,Right,4,2
64149,Mi1,3352.0,38236.0,35824.0,Right,0,20
64522,Mi1,17440.0,46128.0,42335.0,Right,5,25
64958,Mi1,74169.0,26890.0,19801.0,Left,24,11
65038,Mi1,75747.0,16091.0,22203.0,Left,24,4
65115,Mi1,89355.0,21821.0,37136.0,Left,29,8
65301,Mi1,91572.0,37616.0,35620.0,Left,30,19
65422,Mi1,92604.0,27018.0,31728.0,Left,30,11
65484,Mi1,74455.0,10832.0,30102.0,Left,24,0
65650,Mi1,72282.0,44436.0,25192.0,Left,23,24
65671,Mi1,4138.0,35328.0,31724.0,Right,0,17
65734,Mi1,21150.0,18134.0,26079.0,Right,6,5
65794,Mi1,8920.0,38930.0,41164.0,Right,2,20
65798,Mi1,8608.0,22821.0,38115.0,Right,2,8
65832,Mi1,79091.0,19479.0,23946.0,Left,26,6
65833,Mi1,3586.0,35945.0,37416.0,Right,0,18
65838,Mi1,11426.0,18163.0,35353.0,Right,3,5
65857,Mi1,8792.0,29462.0,41160.0,Right,2,13
65859,Mi1,84806.0,19270.0,38282.0,Left,28,6
65982,Mi1,81604.0,21158.0,26572.0,Left,26,7
66019,Mi1,79570.0,16023.0,25508.0,Left,26,4
66157,Mi1,74698.0,11288.0,30756.0,Left,24,0
66233,Mi1,76762.0,50214.0,30868.0,Left,25,28
66306,Mi1,75576.0,13836.0,33906.0,Left,24,2
66419,Mi1,78097.0,23836.0,22126.0,Left,25,9
66629,Mi1,20619.0,14988.0,25825.0,Right,6,3
66852,Mi1,5088.0,27466.0,32310.0,Right,0,12
66991,Mi1,27408.0,37164.0,23746.0,Right,8,19
67113,Mi1,5000.0,33702.0,31452.0,Right,0,16
67229,Mi1,27038.0,37024.0,23116.0,Right,8,19
67252,Mi1,75448.0,11366.0,27875.0,Left,24,0
67292,Mi1,15960.0,14883.0,32626.0,Right,4,3
67308,Mi1,4706.0,33122.0,35236.0,Right,0,16
67363,Mi1,75581.0,23440.0,20165.0,Left,24,9
67408,Mi1,19626.0,24674.0,21338.0,Right,5,10
67542,Mi1,26602.0,44828.0,27232.0,Right,8,24
67560,Mi1,14922.0,17614.0,37278.0,Right,4,5
67588,Mi1,88504.0,28926.0,39959.0,Left,29,13
67597,Mi1,70065.0,36322.0,22163.0,Left,22,18
67867,Mi1,87948.0,26224.0,40096.0,Left,29,11
68043,Mi1,8612.0,35604.0,41672.0,Right,2,18
68210,Mi1,72583.0,31797.0,20448.0,Left,23,15
68286,Mi1,21916.0,12927.0,27894.0,Right,6,1
68458,Mi1,84473.0,18062.0,37678.0,Left,27,5
68539,Mi1,27987.0,41136.0,26490.0,Right,8,22
68667,Mi1,10636.0,41513.0,42055.0,Right,2,22
68785,Mi1,76122.0,27306.0,20271.0,Left,25,12
69060,Mi1,11891.0,47126.0,39592.0,Right,3,26
69062,Mi1,22169.0,15186.0,27655.0,Right,6,3
69063,Mi1,5267.0,33849.0,35609.0,Right,0,16
69164,Mi1,4734.0,32402.0,31662.0,Right,0,15
69357,Mi1,77446.0,19954.0,22172.0,Left,25,6
69542,Mi1,9603.0,43985.0,40453.0,Right,2,24
69637,Mi1,74306.0,11050.0,28792.0,Left,24,0
69669,Mi1,72258.0,30482.0,20294.0,Left,23,14
69695,Mi1,74776.0,20380.0,19764.0,Left,24,7
69774,Mi1,78072.0,19328.0,23029.0,Left,25,6
69792,Mi1,3142.0,29016.0,35410.0,Right,0,13
69957,Mi1,11528.0,44161.0,41414.0,Right,3,24
69995,Mi1,28151.0,40226.0,25819.0,Right,8,21
70074,Mi1,77702.0,22562.0,21911.0,Left,25,8
70224,Mi1,27267.0,40618.0,25913.0,Right,8,21
70289,Mi1,3356.0,33176.0,32478.0,Right,0,16
70295,Mi1,13841.0,49020.0,30548.0,Right,3,27
70385,Mi1,75440.0,36806.0,20460.0,Left,24,18
70490,Mi1,2751.0,32042.0,34157.0,Right,0,15
70546,Mi1,3574.0,31174.0,37104.0,Right,0,14
70558,Mi1,74286.0,48702.0,29236.0,Left,24,27
70606,Mi1,19060.0,53144.0,34858.0,Right,5,30
70625,Mi1,86146.0,16674.0,35309.0,Left,28,4
70866,Mi1,80245.0,31772.0,21374.0,Left,26,15
70877,Mi1,9686.0,23892.0,39470.0,Right,2,9
70891,Mi1,25084.0,32446.0,20822.0,Right,7,15
70892,Mi1,72974.0,32922.0,20744.0,Left,23,16
70917,Mi1,21458.0,52478.0,34494.0,Right,6,30
70987,Mi1,73839.0,46354.0,25602.0,Left,24,25
71002,Mi1,14934.0,15474.0,34536.0,Right,4,3
71060,Mi1,27190.0,37356.0,23384.0,Right,8,19
71102,Mi1,85234.0,48586.0,31156.0,Left,28,27
71164,Mi1,16895.0,23904.0,24521.0,Right,4,9
71434,Mi1,76157.0,41030.0,21012.0,Left,25,22
71477,Mi1,77410.0,17810.0,22651.0,Left,25,5
71521,Mi1,4428.0,30516.0,38158.0,Right,0,14
71601,Mi1,75250.0,12782.0,32774.0,Left,24,1
71723,Mi1,3604.0,27546.0,33752.0,Right,0,12
71734,Mi1,9058.0,26718.0,39894.0,Right,2,11
71778,Mi1,75718.0,16920.0,21752.0,Left,24,4
71841,Mi1,73409.0,49068.0,33748.0,Left,24,27
71962,Mi1,10908.0,41246.0,42350.0,Right,2,22
72165,Mi1,17381.0,47886.0,41400.0,Right,5,26
72279,Mi1,3656.0,33536.0,32304.0,Right,0,16
72478,Mi1,79686.0,15542.0,36440.0,Left,26,3
72501,Mi1,3378.0,27837.0,34011.0,Right,0,12
72655,Mi1,3872.0,31861.0,37717.0,Right,0,15
72665,Mi1,4400.0,31464.0,35827.0,Right,0,15
72877,Mi1,74748.0,19518.0,20926.0,Left,24,6
72886,Mi1,28229.0,38038.0,24883.0,Right,8,19
72987,Mi1,21746.0,27340.0,21468.0,Right,6,12
73045,Mi1,20302.0,18670.0,23486.0,Right,6,5
73067,Mi1,78856.0,45328.0,23458.0,Left,25,25
73087,Mi1,15426.0,16494.0,27312.0,Right,4,4
73240,Mi1,29696.0,42642.0,29710.0,Right,9,23
73336,Mi1,15104.0,45130.0,42264.0,Right,4,24
73448,Mi1,4309.0,26587.0,33751.0,Right,0,11
73710,Mi1,4678.0,25154.0,34418.0,Right,0,10
73718,Mi1,75396.0,19506.0,20688.0,Left,24,6
73767,Mi1,25628.0,37028.0,22464.0,Right,7,19
73789,Mi1,83336.0,14584.0,33214.0,Left,27,2
73805,Mi1,89859.0,31011.0,30112.0,Left,29,14
73836,Mi1,4604.0,29516.0,38141.0,Right,0,13
73856,Mi1,75656.0,15058.0,23754.0,Left,24,3
74303,Mi1,3974.0,33214.0,38227.0,Right,0,16
74333,Mi1,75201.0,44807.0,23874.0,Left,24,24
74385,Mi1,28158.0,38345.0,24505.0,Right,8,20
74411,Mi1,3762.0,27246.0,33302.0,Right,0,12
74552,Mi1,72133.0,38009.0,22020.0,Left,23,19
74738,Mi1,27170.0,38144.0,23740.0,Right,8,19
74949,Mi1,27873.0,45177.0,30679.0,Right,8,25
74974,Mi1,5282.0,28260.0,38376.0,Right,0,12
75103,Mi1,73676.0,45730.0,24866.0,Left,24,25
75279,Mi1,76316.0,22770.0,21084.0,Left,25,8
75486,Mi1,25538.0,36578.0,22410.0,Right,7,18
75549,Mi1,22232.0,13039.0,30193.0,Right,6,1
75827,Mi1,27138.0,42810.0,26726.0,Right,8,23
75991,Mi1,8792.0,23044.0,38390.0,Right,2,9
76128,Mi1,74368.0,29435.0,19995.0,Left,24,13
76167,Mi1,8928.0,35160.0,41672.0,Right,2,17
76517,Mi1,71459.0,34183.0,20469.0,Left,23,17
76550,Mi1,19552.0,51582.0,29130.0,Right,5,29
76655,Mi1,89694.0,30250.0,38612.0,Left,29,14
76696,Mi1,8338.0,32210.0,40692.0,Right,1,15
76976,Mi1,69050.0,42278.0,26964.0,Left,22,22
77210,Mi1,90140.0,42550.0,30264.0,Left,29,23
77369,Mi1,75875.0,40665.0,21529.0,Left,24,21
77510,Mi1,21460.0,44892.0,23776.0,Right,6,24
77625,Mi1,8247.0,31767.0,41190.0,Right,1,15
77739,Mi1,74770.0,12910.0,31290.0,Left,24,1
77888,Mi1,88706.0,21414.0,37224.0,Left,29,7
77929,Mi1,76927.0,41977.0,21196.0,Left,25,22
77952,Mi1,9188.0,37240.0,41931.0,Right,2,19
78028,Mi1,23244.0,50700.0,30778.0,Right,7,29
78063,Mi1,21011.0,15194.0,31977.0,Right,6,3
78526,Mi1,28462.0,40632.0,26414.0,Right,8,21
78608,Mi1,76652.0,20752.0,21448.0,Left,25,7
78721,Mi1,76347.0,15795.0,22207.0,Left,25,3
78786,Mi1,22458.0,49550.0,39012.0,Right,6,28
79061,Mi1,23141.0,45979.0,25367.0,Right,7,25
79071,Mi1,22232.0,13314.0,29418.0,Right,6,2
79247,Mi1,20504.0,14696.0,33462.0,Right,6,3
79353,Mi1,16911.0,51819.0,36950.0,Right,4,29
79418,Mi1,22922.0,51482.0,32740.0,Right,6,29
79448,Mi1,77199.0,50142.0,33039.0,Left,25,28
79527,Mi1,21995.0,13168.0,30639.0,Right,6,1
79752,Mi1,24390.0,31286.0,21020.0,Right,7,15
79862,Mi1,8620.0,30123.0,41128.0,Right,2,14
79930,Mi1,30004.0,42365.0,29755.0,Right,9,23
79999,Mi1,76075.0,50094.0,32550.0,Left,25,28
80199,Mi1,28194.0,40549.0,26086.0,Right,8,21
80262,Mi1,24396.0,45632.0,26015.0,Right,7,25
80292,Mi1,76041.0,47293.0,25839.0,Left,25,26
80299,Mi1,21192.0,24508.0,21622.0,Right,6,10
80366,Mi1,89214.0,43634.0,35096.0,Left,29,23
80411,Mi1,72432.0,47201.0,35772.0,Left,23,26
80456,Mi1,73875.0,24605.0,19321.0,Left,24,10
80499,Mi1,22636.0,48080.0,40742.0,Right,6,27
80714,Mi1,88253.0,19937.0,35045.0,Left,29,6
81388,Mi1,69630.0,44270.0,28354.0,Left,22,24
81545,Mi1,92023.0,29692.0,30708.0,Left,30,13
81554,Mi1,27935.0,38082.0,23911.0,Right,8,19
81650,Mi1,84474.0,14750.0,30588.0,Left,27,3
81793,Mi1,11106.0,44354.0,41238.0,Right,2,24
81824,Mi1,12043.0,41764.0,42132.0,Right,3,22
81933,Mi1,69718.0,38798.0,23468.0,Left,22,20
81949,Mi1,20223.0,52807.0,36234.0,Right,6,30
82011,Mi1,74257.0,12191.0,26402.0,Left,24,1
82094,Mi1,86236.0,43934.0,38127.0,Left,28,24
82442,Mi1,81116.0,13372.0,32248.0,Left,26,2
82715,Mi1,75805.0,18332.0,21039.0,Left,24,5
82864,Mi1,75199.0,34073.0,20196.0,Left,24,17
83390,Mi1,16795.0,46614.0,42096.0,Right,4,26
83423,Mi1,22738.0,50964.0,30642.0,Right,6,29
83488,Mi1,69400.0,40806.0,25342.0,Left,22,21
83712,Mi1,79095.0,12516.0,29995.0,Left,26,1
83927,Mi1,76249.0,45469.0,24206.0,Left,25,25
84087,Mi1,76089.0,15211.0,22440.0,Left,25,3
84376,Mi1,75550.0,12834.0,23762.0,Left,24,1
84458,Mi1,23688.0,43243.0,23826.0,Right,7,23
84528,Mi1,21869.0,25222.0,21840.0,Right,6,10
85211,Mi1,77066.0,49912.0,34709.0,Left,25,28
85409,Mi1,74234.0,11560.0,29220.0,Left,24,0
85494,Mi1,22033.0,13488.0,31402.0,Right,6,2
85684,Mi1,74602.0,10772.0,29274.0,Left,24,0
86046,Mi1,69116.0,36936.0,22992.0,Left,22,19
86154,Mi1,5841.0,31908.0,39620.0,Right,1,15
86245,Mi1,88061.0,42944.0,37572.0,Left,29,23
86345,Mi1,76089.0,13753.0,23143.0,Left,25,2
86471,Mi1,83628.0,48424.0,34728.0,Left,27,27
86774,Mi1,83599.0,43784.0,39385.0,Left,27,24
86918,Mi1,72386.0,32886.0,20182.0,Left,23,16
87080,Mi1,76648.0,47312.0,38338.0,Left,25,26
87617,Mi1,8562.0,26973.0,39868.0,Right,2,11
87647,Mi1,78758.0,46848.0,38588.0,Left,25,26
88024,Mi1,90582.0,37702.0,29560.0,Left,29,19
88595,Mi1,24790.0,44838.0,25700.0,Right,7,24
88806,Mi1,69390.0,40212.0,24876.0,Left,22,21
89066,Mi1,71075.0,37630.0,22139.0,Left,23,19
89257,Mi1,22338.0,13796.0,29934.0,Right,6,2
89532,Mi1,28630.0,43322.0,29470.0,Right,8,23
90320,Mi1,21438.0,51418.0,38386.0,Right,6,29
90781,Mi1,24159.0,49655.0,37362.0,Right,7,28
91022,Mi1,85370.0,20152.0,38575.0,Left,28,6
91098,Mi1,10904.0,22660.0,39256.0,Right,2,8
91145,Mi1,8668.0,27064.0,40346.0,Right,2,11
91308,Mi1,27710.0,40430.0,25454.0,Right,8,21
91348,Mi1,9172.0,34858.0,41947.0,Right,2,17
91400,Mi1,88601.0,28125.0,39934.0,Left,29,12
91498,Mi1,10700.0,23282.0,39512.0,Right,2,9
91553,Mi1,74608.0,10810.0,26656.0,Left,24,0
92230,Mi1,87997.0,23365.0,39393.0,Left,29,9
93307,Mi1,74272.0,45544.0,24356.0,Left,24,25
93321,Mi1,23446.0,49951.0,29668.0,Right,7,28
93919,Mi1,67526.0,42910.0,29841.0,Left,22,23
95151,Mi1,81322.0,13540.0,33606.0,Left,26,2
95511,Mi1,76540.0,14884.0,35328.0,Left,25,3
95607,Mi1,4640.0,32093.0,38618.0,Right,0,15
95794,Mi1,21300.0,50280.0,39446.0,Right,6,28
95818,Mi1,25064.0,47168.0,39618.0,Right,7,26
96080,Mi1,67740.0,40324.0,26382.0,Left,22,21
96112,Mi1,79797.0,50487.0,29480.0,Left,26,28
96968,Mi1,82676.0,13430.0,31676.0,Left,27,2
97505,Mi1,73953.0,24475.0,18984.0,Left,24,10
97658,Mi1,88101.0,27098.0,39389.0,Left,29,11
98109,Mi1,85578.0,46700.0,28708.0,Left,28,26
98390,Mi1,21272.0,14920.0,33540.0,Right,6,3
98453,Mi1,86865.0,23861.0,39602.0,Left,28,9
98563,Mi1,22640.0,50962.0,31024.0,Right,6,29
98806,Mi1,91479.0,29987.0,30466.0,Left,30,14
98941,Mi1,74040.0,11108.0,28377.0,Left,24,0
99005,Mi1,68103.0,39167.0,25221.0,Left,22,20
99007,Mi1,74891.0,20158.0,20199.0,Left,24,6
99086,Mi1,82272.0,48062.0,35016.0,Left,27,27
99207,Mi1,69680.0,41318.0,25464.0,Left,22,22
99689,Mi1,75552.0,31203.0,20056.0,Left,24,14
100379,Mi1,74564.0,11628.0,31370.0,Left,24,0
100710,Mi1,11208.0,23678.0,39908.0,Right,2,9
100721,Mi1,87552.0,22992.0,39396.0,Left,28,9
101471,Mi1,83248.0,47356.0,28740.0,Left,27,26
101491,Mi1,30593.0,40531.0,28015.0,Right,9,21
101675,Mi1,85981.0,22076.0,39494.0,Left,28,8
104863,Mi1,73656.0,33350.0,20590.0,Left,24,16
104909,Mi1,75144.0,35532.0,20494.0,Left,24,18
106042,Mi1,75462.0,47144.0,37920.0,Left,24,26
107078,Mi1,75327.0,25494.0,19964.0,Left,24,10
108302,Mi1,29193.0,40140.0,26977.0,Right,9,21
108486,Mi1,23830.0,50685.0,31789.0,Right,7,29
110121,Mi1,71214.0,42730.0,25110.0,Left,23,23
113758,Mi1,15360.0,18041.0,37851.0,Right,4,5
113959,Mi1,74648.0,27440.0,20430.0,Left,24,12
114992,Mi1,75653.0,34343.0,20102.0,Left,24,17
115106,Mi1,76034.0,29566.0,20240.0,Left,25,13
115536,Mi1,18576.0,15226.0,34450.0,Right,5,3
115653,Mi1,74799.0,47926.0,27009.0,Left,24,27
115718,Mi1,77464.0,22548.0,21610.0,Left,25,8
116006,Mi1,88563.0,39913.0,38589.0,Left,29,21
116295,Mi1,69881.0,45216.0,29282.0,Left,22,25
116421,Mi1,74502.0,36490.0,21088.0,Left,24,18
117166,Mi1,75582.0,21542.0,20360.0,Left,24,7
117175,Mi1,69756.0,44616.0,28680.0,Left,22,24
117582,Mi1,72801.0,39044.0,22124.0,Left,23,20
117983,Mi1,74201.0,11389.0,26034.0,Left,24,0
118763,Mi1,26564.0,48232.0,35064.0,Right,8,27
118767,Mi1,74008.0,11964.0,29833.0,Left,24,1
120717,Mi1,76738.0,26938.0,20462.0,Left,25,11
121187,Mi1,71858.0,37185.0,21711.0,Left,23,19
122577,Mi1,74198.0,14634.0,26228.0,Left,24,3
122815,Mi1,84115.0,14946.0,33420.0,Left,27,3
125015,Mi1,74552.0,42544.0,23120.0,Left,24,23
126116,Mi1,68154.0,42668.0,29022.0,Left,22,23
126432,Mi1,70077.0,35492.0,22734.0,Left,22,18
126676,Mi1,73788.0,23478.0,19668.0,Left,24,9
127932,Mi1,91036.0,33692.0,37490.0,Left,30,16
129036,Mi1,78865.0,50609.0,30182.0,Left,25,28
131242,Mi1,72590.0,37020.0,21526.0,Left,23,19
131430,Mi1,67099.0,40327.0,25992.0,Left,21,21
131609,Mi1,21560.0,13646.0,32161.0,Right,6,2
131616,Mi1,28978.0,39000.0,25014.0,Right,8,20
133384,Mi1,88812.0,27362.0,39712.0,Left,29,12
142793,Mi1,87361.0,24646.0,39964.0,Left,28,10
143200,Mi1,83131.0,17932.0,38001.0,Left,27,5
143301,Mi1,8746.0,33606.0,41512.0,Right,2,16
144511,Mi1,28890.0,40494.0,26714.0,Right,8,21
146878,Mi1,81766.0,17395.0,37733.0,Left,26,4
147562,Mi1,75708.0,13656.0,30694.0,Left,24,2
147852,Mi1,18141.0,14564.0,34183.0,Right,5,2
150668,Mi1,73200.0,48171.0,34964.0,Left,24,27
151090,Mi1,26121.0,48956.0,34166.0,Right,8,27
153614,Mi1,89024.0,33566.0,39310.0,Left,29,16
158098,Mi1,89668.0,32394.0,39252.0,Left,29,15
161391,Mi1,68798.0,40020.0,25320.0,Left,22,21
163411,Mi1,68124.0,42119.0,27657.0,Left,22,22
163851,Mi1,89220.0,28644.0,39182.0,Left,29,13
164209,Mi1,86762.0,38324.0,40190.0,Left,28,20
170384,Mi1,85234.0,19951.0,38223.0,Left,28,6
177996,Mi1,76426.0,25920.0,20651.0,Left,25,11
180256,Mi1,82835.0,18053.0,38204.0,Left,27,5
512130,Mi1,74332.0,24840.0,19210.0,Left,24,10
512443,Mi1,75188.0,32387.0,20180.0,Left,24,15
512682,Mi1,77314.0,42966.0,21694.0,Left,25,23
512808,Mi1,75014.0,24798.0,19668.0,Left,24,10
513247,Mi1,90140.0,35805.0,37714.0,Left,29,18
513300,Mi1,70442.0,40176.0,24263.0,Left,23,21
513302,Mi1,70103.0,35806.0,23277.0,Left,22,18
513328,Mi1,73634.0,25857.0,18949.0,Left,24,11
513367,Mi1,93016.0,37432.0,32898.0,Left,30,19
513753,Mi1,77660.0,43279.0,21890.0,Left,25,23
514237,Mi1,87586.0,45566.0,29480.0,Left,28,25
514354,Mi1,92563.0,32047.0,36264.0,Left,30,15
514403,Mi1,71222.0,34632.0,20724.0,Left,23,17
514454,Mi1,77676.0,27446.0,20708.0,Left,25,12
514732,Mi1,92323.0,30076.0,30811.0,Left,30,14
514759,Mi1,73849.0,30240.0,20391.0,Left,24,14
514824,Mi1,80500.0,30876.0,22412.0,Left,26,14
515119,Mi1,88064.0,42724.0,37223.0,Left,29,23
515150,Mi1,81137.0,49866.0,29238.0,Left,26,28
515280,Mi1,73110.0,27014.0,19546.0,Left,24,11
515432,Mi1,73460.0,31494.0,20464.0,Left,24,15
515486,Mi1,75727.0,37152.0,20301.0,Left,24,19
515608,Mi1,90802.0,34114.0,38244.0,Left,30,17
515731,Mi1,75414.0,20256.0,21116.0,Left,24,7
515782,Mi1,92056.0,32806.0,36415.0,Left,30,16
515821,Mi1,75181.0,22619.0,19844.0,Left,24,8
515880,Mi1,92335.0,27848.0,31356.0,Left,30,12
515925,Mi1,78432.0,16374.0,24580.0,Left,25,4
515927,Mi1,78872.0,16262.0,25034.0,Left,25,4
516033,Mi1,73972.0,44708.0,24000.0,Left,24,24
516081,Mi1,78596.0,21883.0,23060.0,Left,25,8
516343,Mi1,70332.0,40596.0,24428.0,Left,23,21
516529,Mi1,85805.0,41325.0,39691.0,Left,28,22
516637,Mi1,79236.0,33360.0,19982.0,Left,26,16
516639,Mi1,80320.0,33050.0,21368.0,Left,26,16
516658,Mi1,75856.0,17047.0,22167.0,Left,24,4
516684,Mi1,72334.0,34724.0,20736.0,Left,23,17
516815,Mi1,91004.0,21520.0,34974.0,Left,30,7
516915,Mi1,74690.0,36914.0,20898.0,Left,24,19
517064,Mi1,68368.0,38758.0,24148.0,Left,22,20
517067,Mi1,75480.0,43020.0,22334.0,Left,24,23
517082,Mi1,91214.0,37088.0,36230.0,Left,30,19
517223,Mi1,86134.0,39124.0,40282.0,Left,28,20
517326,Mi1,76412.0,43380.0,22462.0,Left,25,23
517440,Mi1,73946.0,29551.0,19769.0,Left,24,13
517525,Mi1,74276.0,23766.0,19226.0,Left,24,9
517558,Mi1,70814.0,35738.0,21290.0,Left,23,18
517652,Mi1,88292.0,36197.0,39928.0,Left,29,18
517808,Mi1,72514.0,32264.0,21396.0,Left,23,15
518033,Mi1,83184.0,48492.0,29062.0,Left,27,27
518053,Mi1,77100.0,16480.0,22888.0,Left,25,4
518061,Mi1,75788.0,17256.0,21191.0,Left,24,4
518115,Mi1,77574.0,40716.0,20590.0,Left,25,21
518181,Mi1,73328.0,30662.0,20248.0,Left,24,14
518328,Mi1,70955.0,40867.0,24098.0,Left,23,21
518329,Mi1,71478.0,41058.0,23909.0,Left,23,22
518368,Mi1,90386.0,36918.0,37396.0,Left,29,19
518615,Mi1,87746.0,46189.0,34916.0,Left,29,25
518623,Mi1,75624.0,47763.0,25986.0,Left,24,26
518813,Mi1,83840.0,40925.0,27446.0,Left,27,21
519280,Mi1,88861.0,40547.0,38094.0,Left,29,21
519310,Mi1,82674.0,49484.0,30682.0,Left,27,28
519493,Mi1,78344.0,27052.0,21074.0,Left,25,11
519504,Mi1,75552.0,29746.0,20084.0,Left,24,13
519520,Mi1,89356.0,34008.0,29126.0,Left,29,16
520352,Mi1,91392.0,33466.0,37028.0,Left,30,16
521119,Mi1,78898.0,27740.0,21188.0,Left,25,12
521787,Mi1,75933.0,43407.0,22552.0,Left,24,23
522773,Mi1,77356.0,18372.0,22474.0,Left,25,5
522933,Mi1,74475.0,28192.0,19739.0,Left,24,12
523400,Mi1,3697.0,32979.0,37838.0,Right,0,16
523444,Mi1,71769.0,38273.0,22321.0,Left,23,20
523619,Mi1,90656.0,32516.0,38210.0,Left,30,15
523655,Mi1,72689.0,38593.0,21968.0,Left,23,20
523750,Mi1,93350.0,32979.0,33813.0,Left,30,16
524376,Mi1,72820.0,34450.0,20668.0,Left,23,17
524499,Mi1,76530.0,20636.0,21810.0,Left,25,7
524507,Mi1,79189.0,41464.0,21878.0,Left,26,22
524548,Mi1,73416.0,35194.0,20820.0,Left,24,17
524557,Mi1,81222.0,38636.0,23574.0,Left,26,20
524588,Mi1,90296.0,34239.0,38714.0,Left,29,17
524594,Mi1,87394.0,46211.0,35197.0,Left,28,25
524674,Mi1,81225.0,50128.0,31872.0,Left,26,28
524963,Mi1,89392.0,31318.0,39424.0,Left,29,15
525180,Mi1,75152.0,19538.0,20312.0,Left,24,6
525248,Mi1,90204.0,42942.0,31366.0,Left,29,23
525283,Mi1,78630.0,28024.0,20842.0,Left,25,12
525568,Mi1,77566.0,31204.0,19788.0,Left,25,14
525571,Mi1,79277.0,41788.0,22518.0,Left,26,22
525574,Mi1,77174.0,47360.0,38314.0,Left,25,26
525872,Mi1,92834.0,37370.0,30878.0,Left,30,19
526012,Mi1,79713.0,47043.0,25621.0,Left,26,26
526042,Mi1,75592.0,49748.0,30748.0,Left,24,28
526127,Mi1,89776.0,39185.0,29925.0,Left,29,20
526158,Mi1,3564.0,35654.0,34316.0,Right,0,18
526159,Mi1,92574.0,26626.0,33560.0,Left,30,11
526398,Mi1,86220.0,47622.0,30578.0,Left,28,26
526610,Mi1,90585.0,22945.0,35906.0,Left,29,8
526618,Mi1,90849.0,33414.0,37921.0,Left,30,16
526824,Mi1,75263.0,33494.0,20125.0,Left,24,16
526965,Mi1,92744.0,36966.0,32592.0,Left,30,19
526989,Mi1,72626.0,34051.0,20953.0,Left,23,17
527172,Mi1,77701.0,15894.0,24363.0,Left,25,3
527293,Mi1,70820.0,36228.0,21496.0,Left,23,18
527685,Mi1,77140.0,31502.0,19772.0,Left,25,15
529064,Mi1,91626.0,25210.0,31398.0,Left,30,10
529102,Mi1,78674.0,44668.0,22972.0,Left,25,24
529279,Mi1,93492.0,30157.0,33702.0,Left,30,14
529288,Mi1,76090.0,47059.0,25481.0,Left,25,26
529386,Mi1,91830.0,36840.0,35717.0,Left,30,19
529447,Mi1,80127.0,47841.0,31220.0,Left,26,26
529798,Mi1,86304.0,15732.0,33046.0,Left,28,3
530066,Mi1,91698.0,34568.0,36852.0,Left,30,17
530417,Mi1,79492.0,38660.0,20880.0,Left,26,20
530421,Mi1,91992.0,38196.0,34598.0,Left,30,19
530452,Mi1,74952.0,28674.0,20115.0,Left,24,13
530503,Mi1,79158.0,45076.0,23666.0,Left,26,24
530516,Mi1,77662.0,49757.0,27870.0,Left,25,28
530663,Mi1,89634.0,27604.0,30442.0,Left,29,12
530682,Mi1,75236.0,40932.0,22204.0,Left,24,21
530814,Mi1,81386.0,41416.0,24328.0,Left,26,22
531101,Mi1,75172.0,23271.0,19846.0,Left,24,9
531166,Mi1,80394.0,45476.0,28133.0,Left,26,25
531231,Mi1,75880.0,38705.0,20450.0,Left,24,20
531250,Mi1,83380.0,41016.0,27232.0,Left,27,22
531252,Mi1,92050.0,35039.0,36337.0,Left,30,17
531412,Mi1,77110.0,17466.0,22584.0,Left,25,5
531657,Mi1,89610.0,28926.0,39328.0,Left,29,13
531710,Mi1,89280.0,26164.0,38869.0,Left,29,11
531728,Mi1,89336.0,30866.0,39470.0,Left,29,14
531813,Mi1,75653.0,12556.0,25954.0,Left,24,1
531924,Mi1,77555.0,45697.0,24072.0,Left,25,25
531940,Mi1,91851.0,28438.0,37100.0,Left,30,12
531956,Mi1,76104.0,35218.0,19965.0,Left,25,17
531969,Mi1,89426.0,25116.0,38314.0,Left,29,10
532172,Mi1,74388.0,23348.0,19178.0,Left,24,9
532305,Mi1,74115.0,10465.0,27087.0,Left,24,0
532375,Mi1,89088.0,42974.0,33324.0,Left,29,23
532417,Mi1,76462.0,14826.0,22870.0,Left,25,3
532505,Mi1,92740.0,28278.0,33208.0,Left,30,12
532671,Mi1,76099.0,11803.0,27743.0,Left,25,0
532886,Mi1,73921.0,25468.0,19029.0,Left,24,10
533061,Mi1,74732.0,48494.0,27698.0,Left,24,27
533165,Mi1,92984.0,29332.0,36187.0,Left,30,13
533410,Mi1,87714.0,40225.0,28307.0,Left,28,21
533429,Mi1,92381.0,24107.0,33405.0,Left,30,9
533448,Mi1,91198.0,22750.0,33452.0,Left,30,8
533816,Mi1,69668.0,38528.0,23122.0,Left,22,20
533818,Mi1,74798.0,22570.0,19526.0,Left,24,8
533857,Mi1,77801.0,48769.0,26615.0,Left,25,27
534013,Mi1,85881.0,47200.0,35370.0,Left,28,26
534112,Mi1,83132.0,49230.0,33410.0,Left,27,27
534196,Mi1,91045.0,22647.0,35937.0,Left,30,8
534273,Mi1,76250.0,45520.0,23750.0,Left,25,25
534353,Mi1,72904.0,33232.0,20366.0,Left,23,16
534394,Mi1,89071.0,19906.0,36322.0,Left,29,6
534408,Mi1,93384.0,32450.0,34788.0,Left,30,15
534421,Mi1,69504.0,36964.0,22588.0,Left,22,19
534453,Mi1,75192.0,21324.0,20076.0,Left,24,7
534563,Mi1,77083.0,45934.0,23980.0,Left,25,25
534808,Mi1,78064.0,50238.0,28350.0,Left,25,28
534921,Mi1,78767.0,30693.0,20139.0,Left,25,14
535555,Mi1,75488.0,20428.0,20316.0,Left,24,7
536621,Mi1,77761.0,14273.0,25222.0,Left,25,2
537153,Mi1,88458.0,25660.0,39738.0,Left,29,10
537523,Mi1,68332.0,42570.0,28696.0,Left,22,23
539724,Mi1,85102.0,20372.0,38814.0,Left,28,7
540356,Mi1,77815.0,50444.0,31138.0,Left,25,28
542166,Mi1,75357.0,12516.0,24004.0,Left,24,1
542225,Mi1,92940.0,30404.0,35590.0,Left,30,14
542412,Mi1,5360.0,43176.0,32646.0,Right,0,23
542780,Mi1,78180.0,17386.0,38666.0,Left,25,4
543310,Mi1,70188.0,38292.0,24610.0,Left,23,20
543574,Mi1,68084.0,40597.0,26288.0,Left,22,21
543809,Mi1,27380.0,39384.0,25146.0,Right,8,20
544445,Mi1,72888.0,48794.0,32620.0,Left,23,27
544906,Mi1,84312.0,46524.0,36972.0,Left,27,26
545662,Mi1,74910.0,48560.0,36117.0,Left,24,27
546225,Mi1,78364.0,46296.0,39090.0,Left,25,25
546524,Mi1,5301.0,38025.0,37801.0,Right,0,19
546532,Mi1,4792.0,29742.0,38512.0,Right,0,13
546638,Mi1,7394.0,33252.0,40734.0,Right,1,16
547265,Mi1,88452.0,42544.0,36892.0,Left,29,23
548296,Mi1,88957.0,34092.0,39126.0,Left,29,17
548729,Mi1,78015.0,48414.0,37357.0,Left,25,27
557885,Mi1,89670.0,34452.0,38536.0,Left,29,17
558316,Mi1,76664.0,32115.0,19812.0,Left,25,15
558338,Mi1,92108.0,36725.0,30041.0,Left,30,18
559161,Mi1,88960.0,42986.0,29374.0,Left,29,23
559316,Mi1,76077.0,19859.0,20987.0,Left,25,6
559507,Mi1,71442.0,35066.0,20882.0,Left,23,17
559598,Mi1,76226.0,18905.0,22096.0,Left,25,6
559638,Mi1,72715.0,31990.0,21074.0,Left,23,15
560182,Mi1,76668.0,19414.0,21506.0,Left,25,6
560365,Mi1,77394.0,16986.0,23508.0,Left,25,4
560503,Mi1,75110.0,23064.0,20224.0,Left,24,9
560514,Mi1,79030.0,24740.0,23076.0,Left,26,10
561340,Mi1,71742.0,34875.0,22328.0,Left,23,17
564920,Mi1,86710.0,39156.0,40143.0,Left,28,20
569253,Mi1,80420.0,43078.0,24964.0,Left,26,23
580937,Mi1,87916.0,45835.0,30277.0,Left,29,25
595369,Mi1,86901.0,39729.0,39838.0,Left,28,21
953023,Mi1,77063.0,50223.0,32121.0,Left,25,28
